Gemeinderatswahl 2019 in Thüringen - endgültiges Ergebnis;;;;;
;;;;;
Übersicht zu den Bewerbern;;;;;
Gemeinde;Wahlvorschlag;Anzahl der Bewerber;;Gewählte Bewerber;
;;insgesamt;darunter weiblich;insgesamt;darunter weiblich
51000 Erfurt, Stadt;CDU;49;13;10;2
52000 Gera, Stadt;CDU;16;3;6;1
53000 Jena, Stadt;CDU;46;10;6;3
54000 Suhl, Stadt;CDU;35;7;11;2
55000 Weimar, Stadt;CDU;42;9;7;1
56000 Eisenach, Stadt;CDU;28;7;7;3
61001 Arenshausen;CDU;8;-;3;-
61003 Berlingerode;CDU;13;4;8;2
61012 Bodenrode-Westhausen;CDU;8;1;5;-
61015 Brehme;CDU;8;2;5;2
61017 Breitenworbis;CDU;14;1;7;1
61018 Büttstedt;CDU;7;1;7;1
61026 Ecklingerode;CDU;3;-;1;-
61031 Ferna;CDU;10;6;8;5
61035 Geismar;CDU;11;1;5;1
61036 Gerbershausen;CDU;9;1;8;1
61037 Gernrode;CDU;14;2;7;1
61041 Großbartloff;CDU;9;3;8;3
61044 Haynrode;CDU;3;-;3;-
61045 Heilbad Heiligenstadt, Stadt;CDU;24;4;9;2
61047 Heuthen;CDU;4;-;3;-
61048 Hohengandern;CDU;5;1;1;1
61049 Hohes Kreuz;CDU;10;3;8;2
61057 Kirchgandern;CDU;7;1;5;1
61063 Küllstedt;CDU;12;4;7;3
61065 Lenterode;CDU;5;-;2;-
61067 Lutter;CDU;7;1;7;1
61068 Mackenrode;CDU;4;-;2;-
61069 Marth;CDU;3;1;1;-
61074 Niederorschel;CDU;32;3;16;2
61076 Reinholterode;CDU;6;1;4;1
61078 Rohrberg;CDU;6;1;4;1
61082 Rustenfelde;CDU;5;2;4;2
61089 Steinbach;CDU;5;1;5;1
61091 Steinheuterode;CDU;7;2;4;-
61094 Tastungen;CDU;3;-;1;-
61097 Uder;CDU;19;3;10;1
61101 Wachstedt;CDU;2;1;2;1
61107 Wingerode;CDU;12;1;10;1
61113 Schimberg;CDU;11;3;6;1
61114 Teistungen;CDU;15;1;6;1
61115 Leinefelde-Worbis, Stadt;CDU;26;4;16;3
61116 Am Ohmberg;CDU;18;-;7;-
61117 Sonnenstein;CDU;13;2;9;1
61118 Dingelstädt, Stadt;CDU;20;2;11;-
62005 Ellrich, Stadt;CDU;18;6;6;1
62009 Großlohra;CDU;4;-;3;-
62037 Niedergebra;CDU;8;3;5;3
62041 Nordhausen, Stadt;CDU;32;8;8;2
62049 Sollstedt;CDU;7;2;4;1
62063 Werther;CDU;9;2;4;1
62064 Heringen/Helme, Stadt;CDU;13;1;6;-
62065 Harztor;CDU;20;7;8;3
62066 Bleicherode, Stadt;CDU;15;6;10;4
63003 Bad Salzungen, Stadt;CDU;26;6;5;1
63004 Barchfeld-Immelborn;CDU;16;3;5;1
63011 Buttlar;CDU;10;1;9;1
63013 Creuzburg, Stadt;CDU;10;1;6;1
63023 Empfertshausen;CDU;2;-;2;-
63028 Frankenroda;CDU;2;2;2;2
63032 Geisa, Stadt;CDU;15;3;12;1
63033 Gerstengrund;CDU;6;1;6;1
63055 Mihla;CDU;14;1;3;-
63066 Ruhla, Stadt;CDU;17;2;6;1
63068 Schleid;CDU;14;1;12;1
63071 Seebach;CDU;15;4;7;1
63076 Treffurt, Stadt;CDU;13;3;6;3
63078 Unterbreizbach;CDU;23;3;5;2
63092 Wutha-Farnroda;CDU;14;3;5;2
63094 Moorgrund;CDU;16;4;11;2
63097 Gerstungen;CDU;20;2;4;1
63099 Bad Liebenstein, Stadt;CDU;20;7;10;5
63101 Krayenberggemeinde;CDU;11;2;7;-
63103 Werra-Suhl-Tal, Stadt;CDU;12;2;5;1
64003 Bad Langensalza, Stadt;CDU;24;10;6;1
64004 Bad Tennstedt, Stadt;CDU;6;1;2;-
64014 Dünwald;CDU;13;3;10;2
64022 Herbsleben;CDU;19;2;5;-
64037 Körner;CDU;6;-;3;-
64038 Kutzleben;CDU;7;2;3;2
64046 Mühlhausen/Thüringen, Stadt;CDU;35;14;7;2
64052 Obermehler;CDU;12;1;12;1
64055 Rodeberg;CDU;21;5;8;2
64057 Schlotheim, Stadt;CDU;14;4;7;2
64058 Schönstedt;CDU;6;1;6;1
64071 Unstruttal;CDU;8;-;3;-
64072 Menteroda;CDU;9;4;3;-
64073 Anrode;CDU;15;1;10;-
64074 Südeichsfeld;CDU;20;2;11;1
64076 Unstrut-Hainich;CDU;26;3;11;2
65001 Abtsbessingen;CDU;9;3;2;-
65003 Bad Frankenhausen/Kyffhäuser, Stadt;CDU;19;5;5;1
65012 Clingen, Stadt;CDU;15;1;9;1
65014 Ebeleben, Stadt;CDU;6;2;2;1
65023 Greußen, Stadt;CDU;9;3;6;2
65032 Helbedündorf;CDU;11;2;7;-
65067 Sondershausen, Stadt;CDU;28;5;6;-
65085 Kyffhäuserland;CDU;20;2;5;-
65086 Artern, Stadt;CDU;11;2;5;2
65087 Roßleben-Wiehe, Stadt;CDU;20;5;5;2
65088 An der Schmücke, Stadt;CDU;17;6;5;1
66013 Breitungen/Werra;CDU;15;3;3;-
66015 Christes;CDU;6;2;3;1
66017 Einhausen;CDU;2;-;1;-
66018 Ellingshausen;CDU;6;2;6;2
66022 Fambach;CDU;14;4;8;1
66023 Floh-Seligenthal;CDU;18;3;8;2
66039 Leutersdorf;CDU;5;-;4;-
66042 Meiningen, Stadt;CDU;15;5;5;-
66045 Neubrunn;CDU;7;1;4;1
66049 Obermaßfeld-Grimmenthal;CDU;3;3;1;1
66058 Rohr;CDU;8;2;3;2
66059 Rosa;CDU;9;1;8;-
66061 Roßdorf;CDU;9;2;8;1
66063 Schmalkalden, Kurort, Stadt;CDU;19;3;4;-
66064 Schwallungen;CDU;13;6;9;3
66069 Steinbach-Hallenberg, Kurort, Stadt;CDU;20;5;5;-
66073 Sülzfeld;CDU;3;1;1;-
66074 Brotterode-Trusetal, Stadt;CDU;12;3;4;1
66081 Vachdorf;CDU;3;1;3;1
66086 Wasungen, Stadt;CDU;9;1;7;1
66092 Zella-Mehlis, Stadt;CDU;20;6;5;1
66093 Rhönblick;CDU;6;-;1;-
66094 Grabfeld;CDU;13;3;9;2
67004 Bienstädt;CDU;9;2;8;2
67009 Dachwig;CDU;4;1;3;1
67011 Döllstädt;CDU;3;2;2;1
67013 Emleben;CDU;10;3;2;1
67016 Eschenbergen;CDU;10;2;5;2
67019 Friedrichroda, Stadt;CDU;15;2;6;1
67022 Friemar;CDU;8;2;5;-
67025 Georgenthal/Thür. Wald;CDU;5;-;3;-
67026 Gierstädt;CDU;5;-;2;-
67029 Gotha, Stadt;CDU;33;12;6;1
67036 Herrenhof;CDU;8;1;3;-
67039 Hohenkirchen;CDU;8;3;5;2
67044 Luisenthal;CDU;6;1;3;-
67053 Ohrdruf, Stadt;CDU;20;9;4;1
67059 Schwabhausen;CDU;6;-;4;-
67063 Sonneborn;CDU;4;-;4;-
67065 Tambach-Dietharz/Thür. Wald, Stadt;CDU;6;3;2;-
67067 Tonna;CDU;8;1;4;-
67071 Tüttleben;CDU;6;4;3;1
67072 Waltershausen, Stadt;CDU;19;6;9;3
67082 Zimmernsupra;CDU;4;-;1;-
67083 Leinatal;CDU;15;3;11;2
67087 Nesse-Apfelstädt;CDU;20;1;5;1
67088 Hörsel;CDU;14;3;7;2
67091 Nessetal;CDU;11;3;4;2
68002 Andisleben;CDU;2;-;1;-
68007 Eckstedt;CDU;13;3;8;2
68009 Elxleben (SÖM);CDU;13;4;8;2
68014 Gebesee, Stadt;CDU;7;3;4;1
68021 Großrudestedt;CDU;12;2;5;1
68033 Kleinneuhausen;CDU;6;1;6;1
68034 Kölleda, Stadt;CDU;10;3;4;1
68037 Nöda;CDU;10;1;6;-
68042 Rastenberg, Stadt;CDU;6;1;2;-
68051 Sömmerda, Stadt;CDU;21;2;6;1
68053 Straußfurt;CDU;14;6;5;1
68057 Walschleben;CDU;7;1;3;1
68058 Weißensee, Stadt;CDU;15;2;9;1
68061 Witterda;CDU;15;3;7;2
68062 Wundersleben;CDU;7;-;2;-
68063 Buttstädt;CDU;20;1;8;-
69012 Eisfeld, Stadt;CDU;12;2;3;2
69024 Hildburghausen, Stadt;CDU;24;9;5;2
69042 Schleusegrund;CDU;12;4;4;2
69043 Schleusingen, Stadt;CDU;24;5;7;1
69061 Masserberg;CDU;10;3;6;1
69063 Heldburg, Stadt;CDU;12;2;9;1
70004 Arnstadt, Stadt;CDU;30;6;6;1
70011 Elgersburg;CDU;13;4;5;1
70013 Elxleben (IK);CDU;7;1;3;1
70028 Amt Wachsenburg;CDU;16;3;6;2
70029 Ilmenau, Stadt;CDU;40;7;10;1
70034 Martinroda;CDU;5;-;2;-
70041 Osthausen-Wülfershausen;CDU;3;1;1;-
70043 Plaue, Stadt;CDU;11;3;5;1
70048 Stadtilm, Stadt;CDU;13;4;5;1
70054 Witzleben;CDU;7;2;6;1
70057 Geratal;CDU;19;1;8;-
71001 Apolda, Stadt;CDU;30;4;9;-
71003 Bad Berka, Stadt;CDU;20;6;5;2
71004 Bad Sulza, Stadt;CDU;17;5;5;-
71008 Blankenhain, Stadt;CDU;20;3;9;1
71012 Daasdorf a. Berge;CDU;1;-;1;-
71015 Eberstedt;CDU;5;2;5;2
71017 Ettersburg;CDU;2;1;1;1
71022 Großheringen;CDU;8;1;6;1
71025 Großschwabhausen;CDU;7;4;3;1
71034 Hopfgarten;CDU;4;-;1;-
71036 Isseroda;CDU;3;-;2;-
71043 Klettbach;CDU;8;2;3;1
71046 Kranichfeld, Stadt;CDU;19;4;4;1
71064 Niedertrebra;CDU;8;2;3;1
71067 Nohra;CDU;1;-;1;-
71087 Tonndorf;CDU;9;2;4;1
71089 Umpferstedt;CDU;7;-;3;-
71099 Saaleplatte;CDU;6;1;3;1
72011 Lauscha, Stadt;CDU;6;1;4;-
72013 Neuhaus am Rennweg, Stadt;CDU;15;2;7;1
72015 Schalkau, Stadt;CDU;12;1;5;-
72018 Sonneberg, Stadt;CDU;25;5;12;3
72019 Steinach, Stadt;CDU;6;1;5;-
72023 Frankenblick;CDU;16;4;4;1
73002 Altenbeuthen;CDU;9;4;6;1
73005 Bad Blankenburg, Stadt;CDU;14;3;7;2
73028 Gräfenthal, Stadt;CDU;1;-;1;-
73038 Kaulsdorf;CDU;8;1;5;-
73076 Rudolstadt, Stadt;CDU;14;3;5;1
73077 Saalfeld/Saale, Stadt;CDU;32;6;10;2
73084 Sitzendorf;CDU;2;1;2;1
73106 Leutenberg, Stadt;CDU;9;1;4;1
73109 Uhlstädt-Kirchhasel;CDU;10;1;4;-
73111 Unterwellenborn;CDU;20;2;7;1
73112 Königsee, Stadt;CDU;10;3;3;-
73113 Schwarzatal, Stadt;CDU;11;5;2;-
74003 Bad Klosterlausnitz;CDU;10;2;5;2
74008 Bucha;CDU;5;-;2;-
74009 Bürgel, Stadt;CDU;17;4;9;2
74011 Dornburg-Camburg, Stadt;CDU;20;4;8;1
74016 Eichenberg (SHK);CDU;3;2;2;1
74018 Eisenberg, Stadt;CDU;24;6;11;1
74024 Gneus;CDU;6;2;4;-
74025 Gösen;CDU;7;3;6;2
74032 Großlöbichau;CDU;8;1;8;1
74039 Heideland;CDU;7;3;5;2
74041 Hermsdorf, Stadt;CDU;20;6;4;1
74042 Hummelshain;CDU;8;3;4;-
74044 Kahla, Stadt;CDU;8;1;3;-
74057 Milda;CDU;8;2;5;2
74065 Orlamünde, Stadt;CDU;3;-;3;-
74066 Ottendorf;CDU;6;2;2;-
74072 Rauda;CDU;6;-;6;-
74094 Stadtroda, Stadt;CDU;13;4;4;1
74098 Tautenhain;CDU;2;-;1;-
74102 Trockenborn-Wolfersdorf;CDU;9;1;5;1
74103 Tröbnitz;CDU;7;2;6;1
74109 Weißenborn;CDU;7;-;4;-
74114 Zöllnitz;CDU;11;7;5;2
74116 Schkölen, Stadt;CDU;7;4;3;2
75006 Bodelwitz;CDU;11;2;8;1
75009 Burgk;CDU;2;-;2;-
75023 Eßbach;CDU;5;1;5;1
75035 Gössitz;CDU;1;-;1;-
75046 Hirschberg, Stadt;CDU;1;-;1;-
75061 Linda b. Neustadt an der Orla;CDU;8;5;4;2
75062 Bad Lobenstein, Stadt;CDU;4;-;2;-
75073 Neustadt an der Orla, Stadt;CDU;20;5;5;-
75074 Nimritz;CDU;2;-;1;-
75076 Oettersdorf;CDU;2;-;2;-
75085 Pößneck, Stadt;CDU;20;6;4;1
75088 Ranis, Stadt;CDU;6;1;2;-
75098 Schleiz, Stadt;CDU;20;7;5;3
75099 Schmieritz;CDU;4;2;2;1
75132 Tanna, Stadt;CDU;8;1;5;-
75134 Remptendorf;CDU;15;2;9;1
75135 Saalburg-Ebersdorf, Stadt;CDU;15;1;9;1
76003 Bad Köstritz, Stadt;CDU;19;5;7;1
76004 Berga/Elster, Stadt;CDU;11;6;5;3
76009 Braunichswalde;CDU;9;2;8;2
76039 Langenwetzendorf;CDU;9;2;5;1
76041 Langenwolschendorf;CDU;11;4;5;2
76049 Münchenbernsdorf, Stadt;CDU;14;2;4;-
76061 Ronneburg, Stadt;CDU;19;4;12;4
76064 Saara;CDU;5;2;2;-
76069 Seelingstädt;CDU;10;2;3;1
76079 Weida, Stadt;CDU;9;1;5;1
76087 Zeulenroda-Triebes, Stadt;CDU;19;3;5;1
76088 Harth-Pöllnitz;CDU;6;1;4;-
76089 Kraftsdorf;CDU;6;2;3;-
76092 Auma-Weidatal, Stadt;CDU;13;5;7;3
76093 Mohlsdorf-Teichwolframsdorf;CDU;19;5;8;2
77001 Altenburg, Stadt;CDU;36;10;11;4
77012 Gößnitz, Stadt;CDU;5;-;2;-
77015 Haselbach;CDU;3;-;3;-
77016 Heukewalde;CDU;3;-;2;-
77028 Lucka, Stadt;CDU;7;1;2;-
77032 Meuselwitz, Stadt;CDU;7;2;3;1
77036 Nobitz;CDU;14;3;5;1
77039 Ponitz;CDU;12;3;9;2
77042 Rositz;CDU;8;1;4;1
77043 Schmölln, Stadt;CDU;20;4;6;2
77048 Treben;CDU;12;4;12;4
77049 Vollmershain;CDU;1;-;1;-
77052 Windischleuba;CDU;10;2;7;1
51000 Erfurt, Stadt;DIE LINKE;48;18;8;4
52000 Gera, Stadt;DIE LINKE;21;5;8;4
53000 Jena, Stadt;DIE LINKE;46;21;9;5
54000 Suhl, Stadt;DIE LINKE;25;8;7;4
55000 Weimar, Stadt;DIE LINKE;22;8;7;4
56000 Eisenach, Stadt;DIE LINKE;21;6;8;4
61045 Heilbad Heiligenstadt, Stadt;DIE LINKE;7;4;2;2
61115 Leinefelde-Worbis, Stadt;DIE LINKE;8;4;3;2
61118 Dingelstädt, Stadt;DIE LINKE;2;1;1;1
62005 Ellrich, Stadt;DIE LINKE;5;-;3;-
62041 Nordhausen, Stadt;DIE LINKE;26;13;8;3
62049 Sollstedt;DIE LINKE;5;4;3;3
62063 Werther;DIE LINKE;4;1;2;-
62064 Heringen/Helme, Stadt;DIE LINKE;2;-;2;-
62066 Bleicherode, Stadt;DIE LINKE;9;1;5;1
63003 Bad Salzungen, Stadt;DIE LINKE;13;5;4;3
63004 Barchfeld-Immelborn;DIE LINKE;8;2;2;1
63032 Geisa, Stadt;DIE LINKE;2;-;2;-
63051 Leimbach;DIE LINKE;7;3;2;1
63078 Unterbreizbach;DIE LINKE;6;2;2;-
63092 Wutha-Farnroda;DIE LINKE;3;1;2;1
63099 Bad Liebenstein, Stadt;DIE LINKE;9;1;3;-
63101 Krayenberggemeinde;DIE LINKE;13;3;3;1
64003 Bad Langensalza, Stadt;DIE LINKE;15;7;4;2
64004 Bad Tennstedt, Stadt;DIE LINKE;8;3;2;1
64022 Herbsleben;DIE LINKE;9;9;3;3
64046 Mühlhausen/Thüringen, Stadt;DIE LINKE;19;8;4;2
64057 Schlotheim, Stadt;DIE LINKE;2;1;1;1
65003 Bad Frankenhausen/Kyffhäuser, Stadt;DIE LINKE;20;9;4;3
65012 Clingen, Stadt;DIE LINKE;3;1;2;1
65067 Sondershausen, Stadt;DIE LINKE;17;5;3;2
65086 Artern, Stadt;DIE LINKE;16;4;6;2
65087 Roßleben-Wiehe, Stadt;DIE LINKE;6;-;1;-
65088 An der Schmücke, Stadt;DIE LINKE;12;4;3;1
66013 Breitungen/Werra;DIE LINKE;5;2;1;-
66023 Floh-Seligenthal;DIE LINKE;3;-;2;-
66042 Meiningen, Stadt;DIE LINKE;8;2;2;-
66045 Neubrunn;DIE LINKE;1;-;1;-
66063 Schmalkalden, Kurort, Stadt;DIE LINKE;9;4;2;1
66069 Steinbach-Hallenberg, Kurort, Stadt;DIE LINKE;9;3;1;-
66074 Brotterode-Trusetal, Stadt;DIE LINKE;4;2;2;1
66086 Wasungen, Stadt;DIE LINKE;4;1;1;-
66092 Zella-Mehlis, Stadt;DIE LINKE;4;1;2;-
66094 Grabfeld;DIE LINKE;1;-;1;-
67009 Dachwig;DIE LINKE;3;1;3;1
67011 Döllstädt;DIE LINKE;5;-;2;-
67019 Friedrichroda, Stadt;DIE LINKE;5;3;2;2
67029 Gotha, Stadt;DIE LINKE;21;7;5;3
67044 Luisenthal;DIE LINKE;4;2;2;1
67047 Molschleben;DIE LINKE;2;1;2;1
67053 Ohrdruf, Stadt;DIE LINKE;8;4;2;1
67065 Tambach-Dietharz/Thür. Wald, Stadt;DIE LINKE;4;2;2;2
68009 Elxleben (SÖM);DIE LINKE;1;-;1;-
68014 Gebesee, Stadt;DIE LINKE;4;1;2;-
68034 Kölleda, Stadt;DIE LINKE;4;-;1;-
68044 Riethnordhausen;DIE LINKE;3;3;1;1
68051 Sömmerda, Stadt;DIE LINKE;21;10;8;5
68058 Weißensee, Stadt;DIE LINKE;2;1;1;-
68064 Kindelbrück;DIE LINKE;3;1;1;-
69003 Beinerstadt;DIE LINKE;4;2;1;-
69012 Eisfeld, Stadt;DIE LINKE;15;5;3;1
69024 Hildburghausen, Stadt;DIE LINKE;19;5;6;2
69043 Schleusingen, Stadt;DIE LINKE;12;4;2;-
69049 Straufhain;DIE LINKE;2;-;2;-
69051 Themar, Stadt;DIE LINKE;9;2;3;1
69056 Westhausen;DIE LINKE;3;1;1;-
69061 Masserberg;DIE LINKE;3;-;1;-
69062 Römhild, Stadt;DIE LINKE;8;3;2;1
70004 Arnstadt, Stadt;DIE LINKE;32;14;4;2
70013 Elxleben (IK);DIE LINKE;1;1;-;-
70028 Amt Wachsenburg;DIE LINKE;14;3;2;1
70029 Ilmenau, Stadt;DIE LINKE;22;7;5;1
70048 Stadtilm, Stadt;DIE LINKE;7;-;2;-
70054 Witzleben;DIE LINKE;3;3;2;2
71001 Apolda, Stadt;DIE LINKE;9;2;3;1
71008 Blankenhain, Stadt;DIE LINKE;12;4;3;-
72011 Lauscha, Stadt;DIE LINKE;7;1;4;1
72013 Neuhaus am Rennweg, Stadt;DIE LINKE;20;5;5;2
72015 Schalkau, Stadt;DIE LINKE;12;3;2;-
72018 Sonneberg, Stadt;DIE LINKE;23;11;5;3
72019 Steinach, Stadt;DIE LINKE;4;2;1;1
72023 Frankenblick;DIE LINKE;5;2;3;1
73005 Bad Blankenburg, Stadt;DIE LINKE;12;2;5;1
73037 Katzhütte;DIE LINKE;3;3;1;1
73067 Probstzella;DIE LINKE;2;-;2;-
73076 Rudolstadt, Stadt;DIE LINKE;15;3;3;2
73077 Saalfeld/Saale, Stadt;DIE LINKE;15;6;4;1
73109 Uhlstädt-Kirchhasel;DIE LINKE;11;1;4;-
73111 Unterwellenborn;DIE LINKE;4;-;2;-
73113 Schwarzatal, Stadt;DIE LINKE;2;1;1;1
74012 Crossen an der Elster;DIE LINKE;7;1;3;1
74018 Eisenberg, Stadt;DIE LINKE;7;4;4;1
74041 Hermsdorf, Stadt;DIE LINKE;9;6;4;3
74044 Kahla, Stadt;DIE LINKE;8;5;5;3
74094 Stadtroda, Stadt;DIE LINKE;4;-;2;-
74116 Schkölen, Stadt;DIE LINKE;3;3;2;2
75023 Eßbach;DIE LINKE;3;2;1;-
75046 Hirschberg, Stadt;DIE LINKE;1;-;1;-
75062 Bad Lobenstein, Stadt;DIE LINKE;8;2;4;1
75073 Neustadt an der Orla, Stadt;DIE LINKE;8;6;3;1
75085 Pößneck, Stadt;DIE LINKE;7;5;2;2
75098 Schleiz, Stadt;DIE LINKE;7;3;2;-
75116 Triptis, Stadt;DIE LINKE;4;1;2;-
75124 Wernburg;DIE LINKE;2;-;2;-
75131 Gefell, Stadt;DIE LINKE;2;-;1;-
75132 Tanna, Stadt;DIE LINKE;2;-;1;-
75133 Wurzbach, Stadt;DIE LINKE;3;-;1;-
75136 Rosenthal am Rennsteig;DIE LINKE;5;-;2;-
76003 Bad Köstritz, Stadt;DIE LINKE;11;7;3;2
76004 Berga/Elster, Stadt;DIE LINKE;4;2;2;1
76022 Greiz, Stadt;DIE LINKE;23;12;4;1
76039 Langenwetzendorf;DIE LINKE;2;-;1;-
76049 Münchenbernsdorf, Stadt;DIE LINKE;3;-;1;-
76061 Ronneburg, Stadt;DIE LINKE;4;-;3;-
76079 Weida, Stadt;DIE LINKE;13;4;2;1
76087 Zeulenroda-Triebes, Stadt;DIE LINKE;11;6;3;2
76092 Auma-Weidatal, Stadt;DIE LINKE;2;-;1;-
76093 Mohlsdorf-Teichwolframsdorf;DIE LINKE;3;2;1;1
77001 Altenburg, Stadt;DIE LINKE;15;9;5;3
77012 Gößnitz, Stadt;DIE LINKE;2;1;1;1
77022 Kriebitzsch;DIE LINKE;5;3;4;2
77023 Langenleuba-Niederhain;DIE LINKE;3;1;1;-
77028 Lucka, Stadt;DIE LINKE;3;2;1;-
77032 Meuselwitz, Stadt;DIE LINKE;11;3;3;1
77036 Nobitz;DIE LINKE;4;1;2;1
77039 Ponitz;DIE LINKE;3;2;1;1
77042 Rositz;DIE LINKE;4;3;2;1
77043 Schmölln, Stadt;DIE LINKE;9;4;5;3
51000 Erfurt, Stadt;SPD;49;12;9;3
52000 Gera, Stadt;SPD;32;9;3;1
53000 Jena, Stadt;SPD;46;16;6;2
54000 Suhl, Stadt;SPD;20;4;4;1
55000 Weimar, Stadt;SPD;41;18;6;1
56000 Eisenach, Stadt;SPD;21;5;4;2
61017 Breitenworbis;SPD;7;-;2;-
61019 Buhla;SPD;6;1;4;1
61045 Heilbad Heiligenstadt, Stadt;SPD;8;3;1;-
61074 Niederorschel;SPD;3;1;2;-
61115 Leinefelde-Worbis, Stadt;SPD;7;3;2;-
62005 Ellrich, Stadt;SPD;14;4;4;-
62041 Nordhausen, Stadt;SPD;35;8;6;2
62049 Sollstedt;SPD;10;4;3;1
62063 Werther;SPD;6;2;2;2
62065 Harztor;SPD;5;1;1;-
62066 Bleicherode, Stadt;SPD;8;3;4;1
63003 Bad Salzungen, Stadt;SPD;7;3;1;-
63013 Creuzburg, Stadt;SPD;9;3;3;-
63055 Mihla;SPD;9;1;1;-
63066 Ruhla, Stadt;SPD;7;2;2;1
63078 Unterbreizbach;SPD;21;7;9;2
63099 Bad Liebenstein, Stadt;SPD;8;2;2;-
63101 Krayenberggemeinde;SPD;4;2;3;1
64003 Bad Langensalza, Stadt;SPD;22;10;3;1
64004 Bad Tennstedt, Stadt;SPD;7;2;2;-
64037 Körner;SPD;4;1;1;-
64046 Mühlhausen/Thüringen, Stadt;SPD;19;9;6;2
64053 Oppershausen;SPD;5;1;2;1
64057 Schlotheim, Stadt;SPD;15;1;4;-
64058 Schönstedt;SPD;3;1;1;-
64071 Unstruttal;SPD;10;3;4;1
64072 Menteroda;SPD;3;2;1;-
64075 Vogtei;SPD;6;-;3;-
65003 Bad Frankenhausen/Kyffhäuser, Stadt;SPD;22;7;9;2
65023 Greußen, Stadt;SPD;13;1;9;-
65067 Sondershausen, Stadt;SPD;20;12;3;2
65085 Kyffhäuserland;SPD;3;-;1;-
65086 Artern, Stadt;SPD;9;4;2;1
65087 Roßleben-Wiehe, Stadt;SPD;20;5;6;1
65088 An der Schmücke, Stadt;SPD;11;4;3;1
66013 Breitungen/Werra;SPD;15;3;5;1
66023 Floh-Seligenthal;SPD;10;1;2;1
66042 Meiningen, Stadt;SPD;30;8;10;4
66063 Schmalkalden, Kurort, Stadt;SPD;20;3;9;1
66069 Steinbach-Hallenberg, Kurort, Stadt;SPD;4;1;1;-
66074 Brotterode-Trusetal, Stadt;SPD;7;1;3;-
66086 Wasungen, Stadt;SPD;5;2;2;-
66092 Zella-Mehlis, Stadt;SPD;9;1;2;-
66094 Grabfeld;SPD;2;1;1;1
67009 Dachwig;SPD;8;2;4;1
67019 Friedrichroda, Stadt;SPD;12;3;3;-
67025 Georgenthal/Thür. Wald;SPD;4;1;2;1
67029 Gotha, Stadt;SPD;36;8;11;1
67044 Luisenthal;SPD;12;2;7;-
67047 Molschleben;SPD;2;1;1;1
67053 Ohrdruf, Stadt;SPD;19;5;6;1
67065 Tambach-Dietharz/Thür. Wald, Stadt;SPD;7;-;3;-
67072 Waltershausen, Stadt;SPD;24;4;3;-
67083 Leinatal;SPD;8;3;5;2
67087 Nesse-Apfelstädt;SPD;16;4;2;-
68009 Elxleben (SÖM);SPD;1;-;-;-
68034 Kölleda, Stadt;SPD;10;2;3;-
68051 Sömmerda, Stadt;SPD;9;2;1;-
68057 Walschleben;SPD;9;2;4;2
68058 Weißensee, Stadt;SPD;6;2;1;-
68063 Buttstädt;SPD;6;3;1;-
69012 Eisfeld, Stadt;SPD;7;-;2;-
69024 Hildburghausen, Stadt;SPD;15;2;3;1
69043 Schleusingen, Stadt;SPD;19;7;4;1
69051 Themar, Stadt;SPD;7;2;1;-
69053 Veilsdorf;SPD;4;1;1;-
69061 Masserberg;SPD;4;2;1;-
69062 Römhild, Stadt;SPD;1;1;-;-
70004 Arnstadt, Stadt;SPD;10;3;3;2
70012 Elleben;SPD;2;-;-;-
70013 Elxleben (IK);SPD;2;-;-;-
70029 Ilmenau, Stadt;SPD;27;8;3;1
70041 Osthausen-Wülfershausen;SPD;3;2;1;1
70048 Stadtilm, Stadt;SPD;7;-;2;-
70057 Geratal;SPD;10;1;2;-
71001 Apolda, Stadt;SPD;9;2;2;1
71008 Blankenhain, Stadt;SPD;3;2;2;1
71034 Hopfgarten;SPD;4;2;2;1
72011 Lauscha, Stadt;SPD;5;2;4;2
72013 Neuhaus am Rennweg, Stadt;SPD;6;1;1;-
72018 Sonneberg, Stadt;SPD;9;2;3;1
73038 Kaulsdorf;SPD;2;1;1;-
73046 Lehesten, Stadt;SPD;2;2;1;1
73067 Probstzella;SPD;9;1;6;1
73076 Rudolstadt, Stadt;SPD;24;7;4;1
73077 Saalfeld/Saale, Stadt;SPD;15;7;4;2
73109 Uhlstädt-Kirchhasel;SPD;10;2;3;-
74016 Eichenberg (SHK);SPD;3;-;1;-
74018 Eisenberg, Stadt;SPD;17;2;4;-
74041 Hermsdorf, Stadt;SPD;11;3;3;1
74044 Kahla, Stadt;SPD;6;1;2;-
74094 Stadtroda, Stadt;SPD;6;2;3;-
75073 Neustadt an der Orla, Stadt;SPD;3;-;1;-
75085 Pößneck, Stadt;SPD;9;1;2;-
75098 Schleiz, Stadt;SPD;13;3;3;2
75116 Triptis, Stadt;SPD;9;2;1;-
76022 Greiz, Stadt;SPD;17;5;4;2
76079 Weida, Stadt;SPD;3;3;1;1
76087 Zeulenroda-Triebes, Stadt;SPD;10;3;1;-
76093 Mohlsdorf-Teichwolframsdorf;SPD;8;4;1;-
77001 Altenburg, Stadt;SPD;24;7;4;1
77012 Gößnitz, Stadt;SPD;6;3;2;-
77027 Lödla;SPD;5;2;3;2
77028 Lucka, Stadt;SPD;3;-;1;-
77032 Meuselwitz, Stadt;SPD;7;1;2;-
77036 Nobitz;SPD;19;4;7;1
77041 Posterstein;SPD;2;1;1;1
77042 Rositz;SPD;7;2;2;1
77043 Schmölln, Stadt;SPD;29;6;5;-
51000 Erfurt, Stadt;AfD;13;1;7;1
52000 Gera, Stadt;AfD;17;2;12;2
53000 Jena, Stadt;AfD;13;3;5;2
54000 Suhl, Stadt;AfD;5;-;4;-
55000 Weimar, Stadt;AfD;7;1;5;1
56000 Eisenach, Stadt;AfD;6;1;4;1
61045 Heilbad Heiligenstadt, Stadt;AfD;7;1;2;-
61047 Heuthen;AfD;3;-;2;-
61068 Mackenrode;AfD;3;1;1;-
61074 Niederorschel;AfD;6;1;2;-
61115 Leinefelde-Worbis, Stadt;AfD;7;2;4;1
61118 Dingelstädt, Stadt;AfD;7;1;2;-
62041 Nordhausen, Stadt;AfD;14;4;8;3
62066 Bleicherode, Stadt;AfD;3;1;3;1
63003 Bad Salzungen, Stadt;AfD;2;-;2;-
63032 Geisa, Stadt;AfD;2;1;2;1
63066 Ruhla, Stadt;AfD;4;1;3;1
63092 Wutha-Farnroda;AfD;2;-;2;-
64046 Mühlhausen/Thüringen, Stadt;AfD;12;2;5;-
65067 Sondershausen, Stadt;AfD;7;1;3;-
65087 Roßleben-Wiehe, Stadt;AfD;6;1;3;-
66042 Meiningen, Stadt;AfD;7;1;4;1
66063 Schmalkalden, Kurort, Stadt;AfD;6;1;4;1
66092 Zella-Mehlis, Stadt;AfD;3;1;3;1
67029 Gotha, Stadt;AfD;7;3;6;2
67053 Ohrdruf, Stadt;AfD;3;-;3;-
67071 Tüttleben;AfD;4;1;3;1
67072 Waltershausen, Stadt;AfD;4;-;3;-
68034 Kölleda, Stadt;AfD;4;1;2;-
68051 Sömmerda, Stadt;AfD;3;-;3;-
68063 Buttstädt;AfD;4;1;4;1
69024 Hildburghausen, Stadt;AfD;9;2;5;1
70004 Arnstadt, Stadt;AfD;4;-;4;-
70029 Ilmenau, Stadt;AfD;6;-;6;-
71001 Apolda, Stadt;AfD;8;-;5;-
72013 Neuhaus am Rennweg, Stadt;AfD;3;-;3;-
72018 Sonneberg, Stadt;AfD;13;1;7;-
72019 Steinach, Stadt;AfD;7;3;4;1
73046 Lehesten, Stadt;AfD;5;-;1;-
73076 Rudolstadt, Stadt;AfD;17;-;7;-
73077 Saalfeld/Saale, Stadt;AfD;6;3;5;2
74012 Crossen an der Elster;AfD;4;-;2;-
75085 Pößneck, Stadt;AfD;5;-;3;-
75116 Triptis, Stadt;AfD;3;-;2;-
76004 Berga/Elster, Stadt;AfD;3;1;3;1
76022 Greiz, Stadt;AfD;4;-;4;-
76087 Zeulenroda-Triebes, Stadt;AfD;9;1;4;1
76089 Kraftsdorf;AfD;3;1;2;1
77032 Meuselwitz, Stadt;AfD;5;-;5;-
77052 Windischleuba;AfD;1;-;1;-
51000 Erfurt, Stadt;GRÜNE;50;25;6;3
52000 Gera, Stadt;GRÜNE;27;11;3;1
53000 Jena, Stadt;GRÜNE;46;23;9;5
54000 Suhl, Stadt;GRÜNE;8;3;2;-
55000 Weimar, Stadt;GRÜNE;42;20;8;3
56000 Eisenach, Stadt;GRÜNE;31;10;4;1
61045 Heilbad Heiligenstadt, Stadt;GRÜNE;9;4;2;1
61069 Marth;GRÜNE;4;1;1;-
61084 Schönhagen;GRÜNE;5;2;1;-
62005 Ellrich, Stadt;GRÜNE;11;2;2;-
62041 Nordhausen, Stadt;GRÜNE;21;8;3;2
62065 Harztor;GRÜNE;2;-;1;-
63003 Bad Salzungen, Stadt;GRÜNE;4;3;1;-
63011 Buttlar;GRÜNE;6;1;3;-
63092 Wutha-Farnroda;GRÜNE;3;1;1;-
63099 Bad Liebenstein, Stadt;GRÜNE;9;8;1;1
64003 Bad Langensalza, Stadt;GRÜNE;3;2;1;1
64046 Mühlhausen/Thüringen, Stadt;GRÜNE;21;8;3;1
65067 Sondershausen, Stadt;GRÜNE;11;6;1;1
66042 Meiningen, Stadt;GRÜNE;21;9;3;1
66063 Schmalkalden, Kurort, Stadt;GRÜNE;6;4;2;1
67029 Gotha, Stadt;GRÜNE;20;7;3;1
67072 Waltershausen, Stadt;GRÜNE;11;5;2;1
67087 Nesse-Apfelstädt;GRÜNE;15;7;2;1
68051 Sömmerda, Stadt;GRÜNE;8;4;2;1
68063 Buttstädt;GRÜNE;2;-;1;-
69062 Römhild, Stadt;GRÜNE;1;-;1;-
70004 Arnstadt, Stadt;GRÜNE;11;5;2;1
70057 Geratal;GRÜNE;2;-;-;-
71001 Apolda, Stadt;GRÜNE;4;-;2;-
71003 Bad Berka, Stadt;GRÜNE;4;1;1;-
71008 Blankenhain, Stadt;GRÜNE;3;-;1;-
72013 Neuhaus am Rennweg, Stadt;GRÜNE;4;2;-;-
73076 Rudolstadt, Stadt;GRÜNE;14;7;1;1
73077 Saalfeld/Saale, Stadt;GRÜNE;14;7;3;2
75085 Pößneck, Stadt;GRÜNE;12;8;1;-
75088 Ranis, Stadt;GRÜNE;3;2;1;-
76079 Weida, Stadt;GRÜNE;5;3;1;1
77001 Altenburg, Stadt;GRÜNE;7;3;1;1
51000 Erfurt, Stadt;FDP;48;16;3;1
52000 Gera, Stadt;FDP;11;3;1;-
53000 Jena, Stadt;FDP;46;8;6;1
54000 Suhl, Stadt;FDP;17;2;1;1
55000 Weimar, Stadt;FDP;24;6;1;-
56000 Eisenach, Stadt;FDP;11;3;2;1
61045 Heilbad Heiligenstadt, Stadt;FDP;8;1;1;-
61101 Wachstedt;FDP;5;-;2;-
61114 Teistungen;FDP;11;2;5;1
61115 Leinefelde-Worbis, Stadt;FDP;6;1;1;1
61118 Dingelstädt, Stadt;FDP;4;-;1;-
62005 Ellrich, Stadt;FDP;7;-;2;-
62041 Nordhausen, Stadt;FDP;23;4;3;-
62062 Hohenstein;FDP;3;1;3;1
62065 Harztor;FDP;3;1;1;-
62066 Bleicherode, Stadt;FDP;13;5;3;1
63003 Bad Salzungen, Stadt;FDP;9;3;1;1
63055 Mihla;FDP;8;3;1;-
63097 Gerstungen;FDP;4;1;1;1
63101 Krayenberggemeinde;FDP;5;-;2;-
64046 Mühlhausen/Thüringen, Stadt;FDP;12;3;1;-
65087 Roßleben-Wiehe, Stadt;FDP;9;4;1;1
66023 Floh-Seligenthal;FDP;20;3;8;-
66042 Meiningen, Stadt;FDP;9;2;1;-
66063 Schmalkalden, Kurort, Stadt;FDP;4;-;1;-
66069 Steinbach-Hallenberg, Kurort, Stadt;FDP;13;1;2;-
66086 Wasungen, Stadt;FDP;2;1;1;-
66095 Kaltennordheim, Stadt;FDP;1;-;-;-
67009 Dachwig;FDP;7;4;2;2
67019 Friedrichroda, Stadt;FDP;5;1;1;-
67029 Gotha, Stadt;FDP;12;2;1;-
67039 Hohenkirchen;FDP;1;-;1;-
67072 Waltershausen, Stadt;FDP;7;1;1;-
67091 Nessetal;FDP;4;-;2;-
68014 Gebesee, Stadt;FDP;10;1;8;1
68049 Schwerstedt;FDP;8;4;5;2
68051 Sömmerda, Stadt;FDP;5;1;1;-
68059 Werningshausen;FDP;4;2;3;2
69043 Schleusingen, Stadt;FDP;7;2;-;-
70004 Arnstadt, Stadt;FDP;12;2;1;-
70029 Ilmenau, Stadt;FDP;9;2;1;-
70048 Stadtilm, Stadt;FDP;6;1;1;-
71001 Apolda, Stadt;FDP;13;3;2;-
71073 Ottstedt a. Berge;FDP;3;-;3;-
72013 Neuhaus am Rennweg, Stadt;FDP;5;1;1;1
72018 Sonneberg, Stadt;FDP;9;2;2;-
72019 Steinach, Stadt;FDP;8;2;2;-
72023 Frankenblick;FDP;2;-;-;-
73076 Rudolstadt, Stadt;FDP;8;2;1;1
73077 Saalfeld/Saale, Stadt;FDP;18;3;3;-
73084 Sitzendorf;FDP;1;-;1;-
73106 Leutenberg, Stadt;FDP;6;2;3;2
73112 Königsee, Stadt;FDP;4;1;1;-
74017 Eineborn;FDP;6;1;6;1
74038 Hartmannsdorf (SHK);FDP;9;1;2;-
74071 Rattelsdorf;FDP;7;2;6;1
74094 Stadtroda, Stadt;FDP;3;-;1;-
75062 Bad Lobenstein, Stadt;FDP;7;5;2;1
75077 Oppurg;FDP;6;3;2;1
75085 Pößneck, Stadt;FDP;24;3;8;-
75098 Schleiz, Stadt;FDP;5;-;1;-
75132 Tanna, Stadt;FDP;8;1;1;-
75135 Saalburg-Ebersdorf, Stadt;FDP;6;1;3;-
76022 Greiz, Stadt;FDP;2;-;1;-
76061 Ronneburg, Stadt;FDP;16;5;5;-
76087 Zeulenroda-Triebes, Stadt;FDP;5;1;1;-
76088 Harth-Pöllnitz;FDP;5;2;1;1
77001 Altenburg, Stadt;FDP;8;1;1;-
77043 Schmölln, Stadt;FDP;3;-;1;-
51000 Erfurt, Stadt;Sonstige;45;6;7;2
52000 Gera, Stadt;Sonstige;67;17;9;3
53000 Jena, Stadt;Sonstige;40;15;5;1
54000 Suhl, Stadt;Sonstige;29;12;7;2
55000 Weimar, Stadt;Sonstige;46;16;8;4
56000 Eisenach, Stadt;Sonstige;39;14;7;1
61001 Arenshausen;Sonstige;6;1;5;1
61002 Asbach-Sickenberg;Sonstige;13;7;6;2
61003 Berlingerode;Sonstige;9;3;4;1
61007 Birkenfelde;Sonstige;18;3;8;2
61012 Bodenrode-Westhausen;Sonstige;10;1;7;1
61014 Bornhagen;Sonstige;22;2;6;-
61015 Brehme;Sonstige;15;2;7;-
61017 Breitenworbis;Sonstige;10;-;7;-
61018 Büttstedt;Sonstige;54;16;1;-
61019 Buhla;Sonstige;4;1;2;-
61021 Burgwalde;Sonstige;9;1;6;1
61023 Dieterode;Sonstige;11;2;6;2
61024 Dietzenrode/Vatterode;Sonstige;11;6;6;2
61026 Ecklingerode;Sonstige;10;3;7;3
61027 Effelder;Sonstige;71;15;12;3
61028 Eichstruth;Sonstige;13;4;6;2
61031 Ferna;Sonstige;30;7;-;-
61032 Freienhagen;Sonstige;11;1;6;1
61033 Fretterode;Sonstige;9;-;6;-
61034 Geisleden;Sonstige;29;5;8;3
61035 Geismar;Sonstige;8;1;7;-
61036 Gerbershausen;Sonstige;13;1;-;-
61037 Gernrode;Sonstige;6;-;5;-
61039 Glasehausen;Sonstige;25;8;6;1
61041 Großbartloff;Sonstige;61;8;-;-
61044 Haynrode;Sonstige;8;2;5;2
61045 Heilbad Heiligenstadt, Stadt;Sonstige;26;9;7;2
61047 Heuthen;Sonstige;6;1;3;1
61048 Hohengandern;Sonstige;16;5;7;-
61049 Hohes Kreuz;Sonstige;3;-;3;-
61056 Kella;Sonstige;33;8;6;1
61057 Kirchgandern;Sonstige;6;-;3;-
61058 Kirchworbis;Sonstige;21;2;12;1
61062 Krombach;Sonstige;11;3;6;1
61063 Küllstedt;Sonstige;12;4;5;1
61065 Lenterode;Sonstige;4;-;4;-
61066 Lindewerra;Sonstige;12;3;6;2
61067 Lutter;Sonstige;3;-;1;-
61068 Mackenrode;Sonstige;4;2;3;1
61069 Marth;Sonstige;6;1;4;-
61074 Niederorschel;Sonstige;43;9;12;2
61075 Pfaffschwende;Sonstige;13;2;6;1
61076 Reinholterode;Sonstige;8;1;4;1
61077 Röhrig;Sonstige;13;3;6;-
61078 Rohrberg;Sonstige;4;-;2;-
61082 Rustenfelde;Sonstige;10;1;2;-
61083 Schachtebich;Sonstige;9;-;6;-
61084 Schönhagen;Sonstige;6;1;5;1
61085 Schwobfeld;Sonstige;6;-;6;-
61086 Sickerode;Sonstige;10;1;6;1
61089 Steinbach;Sonstige;6;1;3;1
61091 Steinheuterode;Sonstige;3;-;2;-
61094 Tastungen;Sonstige;7;-;5;-
61096 Thalwenden;Sonstige;22;7;6;1
61097 Uder;Sonstige;7;2;4;1
61098 Volkerode;Sonstige;10;1;6;1
61102 Wahlhausen;Sonstige;8;-;6;-
61103 Wehnde;Sonstige;10;5;6;4
61105 Wiesenfeld;Sonstige;14;2;6;-
61107 Wingerode;Sonstige;8;-;2;-
61111 Wüstheuterode;Sonstige;14;3;8;1
61113 Schimberg;Sonstige;16;2;8;1
61114 Teistungen;Sonstige;4;-;3;-
61115 Leinefelde-Worbis, Stadt;Sonstige;28;11;4;1
61116 Am Ohmberg;Sonstige;18;2;9;1
61117 Sonnenstein;Sonstige;11;3;7;2
61118 Dingelstädt, Stadt;Sonstige;28;7;5;-
62005 Ellrich, Stadt;Sonstige;10;4;3;1
62008 Görsbach;Sonstige;23;5;12;2
62009 Großlohra;Sonstige;5;1;5;1
62024 Kehmstedt;Sonstige;16;4;6;3
62026 Kleinfurra;Sonstige;15;2;12;2
62033 Lipprechterode;Sonstige;16;6;8;4
62037 Niedergebra;Sonstige;6;2;3;-
62041 Nordhausen, Stadt;Sonstige;6;1;-;-
62049 Sollstedt;Sonstige;6;4;4;2
62054 Urbach;Sonstige;10;1;7;1
62062 Hohenstein;Sonstige;20;3;11;2
62063 Werther;Sonstige;21;3;8;2
62064 Heringen/Helme, Stadt;Sonstige;22;3;8;1
62065 Harztor;Sonstige;20;5;9;2
62066 Bleicherode, Stadt;Sonstige;25;5;8;1
63003 Bad Salzungen, Stadt;Sonstige;28;5;14;2
63004 Barchfeld-Immelborn;Sonstige;35;14;9;3
63006 Berka v. d. Hainich;Sonstige;17;1;8;1
63008 Bischofroda;Sonstige;20;4;8;-
63013 Creuzburg, Stadt;Sonstige;8;1;5;1
63015 Dermbach;Sonstige;44;4;24;-
63019 Ebenshausen;Sonstige;15;1;6;-
63023 Empfertshausen;Sonstige;10;3;5;-
63028 Frankenroda;Sonstige;5;1;4;1
63033 Gerstengrund;Sonstige;1;1;-;-
63037 Hallungen;Sonstige;9;1;6;-
63046 Krauthausen;Sonstige;22;4;12;4
63049 Lauterbach;Sonstige;14;3;8;2
63051 Leimbach;Sonstige;21;3;10;1
63055 Mihla;Sonstige;15;1;9;1
63058 Nazza;Sonstige;14;3;8;2
63062 Oechsen;Sonstige;31;6;8;1
63066 Ruhla, Stadt;Sonstige;25;7;9;1
63068 Schleid;Sonstige;20;5;-;-
63071 Seebach;Sonstige;9;2;5;1
63076 Treffurt, Stadt;Sonstige;33;7;14;2
63082 Vacha, Stadt;Sonstige;50;8;20;3
63084 Weilar;Sonstige;21;6;8;2
63086 Wiesenthal;Sonstige;8;3;7;2
63092 Wutha-Farnroda;Sonstige;37;10;8;2
63094 Moorgrund;Sonstige;5;2;5;2
63097 Gerstungen;Sonstige;42;7;15;2
63098 Hörselberg-Hainich;Sonstige;43;8;20;3
63099 Bad Liebenstein, Stadt;Sonstige;28;6;4;-
63101 Krayenberggemeinde;Sonstige;6;1;5;1
63103 Werra-Suhl-Tal, Stadt;Sonstige;22;3;15;1
64003 Bad Langensalza, Stadt;Sonstige;49;7;10;-
64004 Bad Tennstedt, Stadt;Sonstige;22;1;8;-
64005 Ballhausen;Sonstige;19;3;8;-
64007 Blankenburg;Sonstige;9;3;6;2
64008 Bothenheilingen;Sonstige;14;3;6;1
64009 Bruchstedt;Sonstige;19;8;6;1
64014 Dünwald;Sonstige;4;1;4;1
64019 Großvargula;Sonstige;13;2;8;1
64021 Haussömmern;Sonstige;21;1;6;-
64022 Herbsleben;Sonstige;18;8;6;2
64027 Hornsömmern;Sonstige;15;2;6;1
64029 Issersheilingen;Sonstige;9;1;6;1
64032 Kammerforst;Sonstige;29;9;8;2
64033 Kirchheilingen;Sonstige;27;4;8;1
64035 Kleinwelsbach;Sonstige;8;4;6;2
64037 Körner;Sonstige;10;1;8;1
64038 Kutzleben;Sonstige;8;2;5;2
64043 Marolterode;Sonstige;26;6;6;2
64045 Mittelsömmern;Sonstige;16;5;6;2
64046 Mühlhausen/Thüringen, Stadt;Sonstige;67;10;10;1
64048 Neunheilingen;Sonstige;14;2;6;-
64052 Obermehler;Sonstige;33;8;-;-
64053 Oppershausen;Sonstige;5;1;4;1
64055 Rodeberg;Sonstige;16;3;6;1
64057 Schlotheim, Stadt;Sonstige;2;-;2;-
64058 Schönstedt;Sonstige;5;2;4;1
64061 Sundhausen;Sonstige;18;2;6;-
64062 Tottleben;Sonstige;7;2;6;1
64064 Urleben;Sonstige;27;10;6;1
64071 Unstruttal;Sonstige;22;4;9;-
64072 Menteroda;Sonstige;12;1;8;1
64073 Anrode;Sonstige;8;1;6;1
64074 Südeichsfeld;Sonstige;36;1;9;-
64075 Vogtei;Sonstige;36;5;13;2
64076 Unstrut-Hainich;Sonstige;33;3;15;1
65001 Abtsbessingen;Sonstige;10;4;4;1
65003 Bad Frankenhausen/Kyffhäuser, Stadt;Sonstige;18;4;6;2
65005 Bellstedt;Sonstige;29;11;6;3
65008 Borxleben;Sonstige;6;-;6;-
65012 Clingen, Stadt;Sonstige;4;1;1;-
65014 Ebeleben, Stadt;Sonstige;24;7;12;2
65016 Etzleben;Sonstige;11;4;6;1
65018 Freienbessingen;Sonstige;9;3;6;1
65019 Gehofen;Sonstige;17;5;8;3
65023 Greußen, Stadt;Sonstige;3;1;1;1
65032 Helbedündorf;Sonstige;20;10;7;2
65038 Holzsußra;Sonstige;11;3;6;1
65042 Kalbsrieth;Sonstige;10;1;8;-
65046 Mönchpfiffel-Nikolausrieth;Sonstige;6;2;5;2
65048 Niederbösa;Sonstige;11;3;6;2
65051 Oberbösa;Sonstige;18;3;6;2
65052 Oberheldrungen;Sonstige;13;8;8;4
65056 Reinsdorf;Sonstige;10;2;8;2
65058 Rockstedt;Sonstige;10;1;6;-
65067 Sondershausen, Stadt;Sonstige;68;14;14;2
65072 Thüringenhausen;Sonstige;30;16;6;3
65074 Topfstedt;Sonstige;16;5;8;3
65075 Trebra;Sonstige;6;1;5;1
65077 Wasserthaleben;Sonstige;18;2;6;1
65079 Westgreußen;Sonstige;11;3;5;2
65082 Wolferschwenda;Sonstige;12;3;6;1
65084 Großenehrich, Stadt;Sonstige;27;6;14;4
65085 Kyffhäuserland;Sonstige;41;9;10;-
65086 Artern, Stadt;Sonstige;34;15;7;2
65087 Roßleben-Wiehe, Stadt;Sonstige;50;11;4;-
65088 An der Schmücke, Stadt;Sonstige;28;3;9;-
66005 Belrieth;Sonstige;8;-;5;-
66012 Birx;Sonstige;16;3;6;1
66013 Breitungen/Werra;Sonstige;23;5;7;1
66015 Christes;Sonstige;13;3;5;2
66016 Dillstädt;Sonstige;33;11;8;2
66017 Einhausen;Sonstige;9;3;5;1
66018 Ellingshausen;Sonstige;5;-;-;-
66019 Erbenhausen;Sonstige;11;3;8;3
66022 Fambach;Sonstige;12;1;6;-
66024 Frankenheim/Rhön;Sonstige;39;9;12;1
66025 Friedelshausen;Sonstige;24;5;6;1
66038 Kühndorf;Sonstige;32;13;8;2
66039 Leutersdorf;Sonstige;3;2;2;1
66041 Mehmels;Sonstige;11;1;6;-
66042 Meiningen, Stadt;Sonstige;38;11;5;-
66045 Neubrunn;Sonstige;6;-;2;-
66047 Oberhof, Stadt;Sonstige;25;7;12;3
66049 Obermaßfeld-Grimmenthal;Sonstige;18;3;11;1
66052 Oberweid;Sonstige;11;1;8;1
66056 Rippershausen;Sonstige;15;4;8;2
66057 Ritschenhausen;Sonstige;12;4;6;1
66058 Rohr;Sonstige;6;-;5;-
66059 Rosa;Sonstige;7;1;-;-
66061 Roßdorf;Sonstige;6;2;-;-
66063 Schmalkalden, Kurort, Stadt;Sonstige;10;2;2;1
66064 Schwallungen;Sonstige;10;3;5;1
66065 Schwarza;Sonstige;26;11;12;4
66069 Steinbach-Hallenberg, Kurort, Stadt;Sonstige;40;6;11;2
66071 Stepfershausen;Sonstige;10;3;8;2
66073 Sülzfeld;Sonstige;15;4;7;2
66074 Brotterode-Trusetal, Stadt;Sonstige;35;7;11;1
66076 Untermaßfeld;Sonstige;18;2;12;1
66079 Utendorf;Sonstige;17;5;6;1
66081 Vachdorf;Sonstige;5;-;4;-
66086 Wasungen, Stadt;Sonstige;38;8;15;4
66092 Zella-Mehlis, Stadt;Sonstige;48;13;12;2
66093 Rhönblick;Sonstige;29;4;13;2
66094 Grabfeld;Sonstige;11;6;8;4
66095 Kaltennordheim, Stadt;Sonstige;58;14;20;2
67004 Bienstädt;Sonstige;3;-;-;-
67011 Döllstädt;Sonstige;14;6;8;3
67013 Emleben;Sonstige;21;10;6;2
67016 Eschenbergen;Sonstige;8;2;3;2
67019 Friedrichroda, Stadt;Sonstige;23;8;8;-
67022 Friemar;Sonstige;7;3;6;2
67025 Georgenthal/Thür. Wald;Sonstige;19;3;9;1
67026 Gierstädt;Sonstige;13;4;6;1
67029 Gotha, Stadt;Sonstige;36;13;4;2
67033 Großfahner;Sonstige;11;1;8;1
67036 Herrenhof;Sonstige;10;3;5;2
67039 Hohenkirchen;Sonstige;1;-;1;-
67047 Molschleben;Sonstige;13;3;9;2
67052 Nottleben;Sonstige;8;3;6;3
67053 Ohrdruf, Stadt;Sonstige;26;5;5;1
67054 Petriroda;Sonstige;9;2;6;2
67055 Pferdingsleben;Sonstige;13;4;6;1
67059 Schwabhausen;Sonstige;7;2;4;1
67063 Sonneborn;Sonstige;12;2;8;1
67064 Bad Tabarz;Sonstige;82;13;16;2
67065 Tambach-Dietharz/Thür. Wald, Stadt;Sonstige;22;3;9;-
67067 Tonna;Sonstige;18;-;10;-
67068 Tröchtelborn;Sonstige;13;2;6;-
67071 Tüttleben;Sonstige;5;2;2;-
67072 Waltershausen, Stadt;Sonstige;39;6;6;1
67082 Zimmernsupra;Sonstige;8;4;5;2
67087 Nesse-Apfelstädt;Sonstige;34;8;11;1
67088 Hörsel;Sonstige;11;-;9;-
67091 Nessetal;Sonstige;27;2;14;-
68001 Alperstedt;Sonstige;11;2;8;1
68002 Andisleben;Sonstige;14;6;7;4
68005 Büchel;Sonstige;13;2;6;1
68007 Eckstedt;Sonstige;18;2;-;-
68009 Elxleben (SÖM);Sonstige;7;2;4;2
68013 Gangloffsömmern;Sonstige;10;2;8;2
68015 Griefstedt;Sonstige;9;3;6;3
68017 Großmölsen;Sonstige;7;2;6;2
68019 Großneuhausen;Sonstige;17;4;8;-
68021 Großrudestedt;Sonstige;15;4;7;1
68022 Günstedt;Sonstige;18;7;8;2
68025 Haßleben;Sonstige;34;7;12;4
68026 Henschleben;Sonstige;19;6;6;1
68032 Kleinmölsen;Sonstige;7;3;6;3
68033 Kleinneuhausen;Sonstige;1;-;-;-
68034 Kölleda, Stadt;Sonstige;34;12;10;3
68036 Markvippach;Sonstige;56;9;8;5
68037 Nöda;Sonstige;6;1;2;-
68039 Ollendorf;Sonstige;17;5;6;2
68041 Ostramondra;Sonstige;14;3;6;2
68042 Rastenberg, Stadt;Sonstige;19;6;12;4
68043 Riethgen;Sonstige;14;4;6;2
68044 Riethnordhausen;Sonstige;8;-;7;-
68045 Ringleben;Sonstige;17;6;6;2
68048 Schloßvippach;Sonstige;31;9;12;5
68049 Schwerstedt;Sonstige;8;1;3;-
68051 Sömmerda, Stadt;Sonstige;28;6;3;-
68052 Sprötau;Sonstige;20;3;8;1
68053 Straußfurt;Sonstige;12;4;7;2
68055 Udestedt;Sonstige;13;3;8;2
68056 Vogelsberg;Sonstige;15;3;8;1
68057 Walschleben;Sonstige;4;1;4;1
68058 Weißensee, Stadt;Sonstige;17;5;5;1
68059 Werningshausen;Sonstige;11;5;5;1
68061 Witterda;Sonstige;9;2;5;2
68062 Wundersleben;Sonstige;11;1;6;1
68063 Buttstädt;Sonstige;17;4;6;2
68064 Kindelbrück;Sonstige;45;10;15;2
69001 Ahlstädt;Sonstige;15;5;6;2
69003 Beinerstadt;Sonstige;9;-;5;-
69004 Bischofrod;Sonstige;15;4;6;2
69006 Brünn/Thür.;Sonstige;9;2;6;1
69008 Dingsleben;Sonstige;7;2;6;2
69009 Ehrenberg;Sonstige;14;4;6;1
69011 Eichenberg (HBN);Sonstige;15;5;6;1
69012 Eisfeld, Stadt;Sonstige;33;5;12;1
69016 Grimmelshausen;Sonstige;11;2;6;1
69017 Grub;Sonstige;58;22;6;1
69021 Henfstädt;Sonstige;9;4;6;3
69024 Hildburghausen, Stadt;Sonstige;33;5;5;-
69025 Kloster Veßra;Sonstige;14;2;6;1
69026 Lengfeld;Sonstige;9;1;6;1
69028 Marisfeld;Sonstige;10;4;6;2
69035 Oberstadt;Sonstige;9;1;5;1
69037 Reurieth;Sonstige;18;7;8;3
69041 Schlechtsart;Sonstige;11;1;6;-
69042 Schleusegrund;Sonstige;17;2;10;1
69043 Schleusingen, Stadt;Sonstige;51;10;11;1
69044 Schmeheim;Sonstige;10;1;6;1
69046 Schweickershausen;Sonstige;29;9;6;3
69047 St.Bernhard;Sonstige;9;6;6;4
69049 Straufhain;Sonstige;20;1;12;1
69051 Themar, Stadt;Sonstige;19;2;10;1
69052 Ummerstadt, Stadt;Sonstige;37;9;6;1
69053 Veilsdorf;Sonstige;39;5;13;3
69056 Westhausen;Sonstige;16;3;7;1
69058 Auengrund;Sonstige;46;5;14;-
69061 Masserberg;Sonstige;15;5;6;1
69062 Römhild, Stadt;Sonstige;46;9;17;4
69063 Heldburg, Stadt;Sonstige;25;5;9;1
70001 Alkersleben;Sonstige;8;2;6;2
70003 Angelroda;Sonstige;19;4;6;3
70004 Arnstadt, Stadt;Sonstige;58;14;12;3
70006 Bösleben-Wüllersleben;Sonstige;27;2;8;1
70008 Dornheim;Sonstige;35;11;8;5
70011 Elgersburg;Sonstige;13;1;7;-
70012 Elleben;Sonstige;14;2;8;2
70013 Elxleben (IK);Sonstige;5;-;3;-
70028 Amt Wachsenburg;Sonstige;56;16;16;2
70029 Ilmenau, Stadt;Sonstige;112;33;15;4
70034 Martinroda;Sonstige;8;2;6;2
70041 Osthausen-Wülfershausen;Sonstige;10;2;6;1
70043 Plaue, Stadt;Sonstige;19;5;7;1
70044 Rockhausen;Sonstige;16;6;6;2
70048 Stadtilm, Stadt;Sonstige;36;5;10;2
70057 Geratal;Sonstige;38;9;10;2
70058 Großbreitenbach, Stadt;Sonstige;118;24;30;4
71001 Apolda, Stadt;Sonstige;13;3;7;1
71003 Bad Berka, Stadt;Sonstige;71;18;14;3
71004 Bad Sulza, Stadt;Sonstige;34;9;11;2
71005 Ballstedt;Sonstige;15;3;6;2
71006 Bechstedtstraß;Sonstige;13;2;6;1
71008 Blankenhain, Stadt;Sonstige;21;5;5;1
71009 Buchfart;Sonstige;8;1;6;1
71012 Daasdorf a. Berge;Sonstige;5;1;5;1
71013 Döbritschen;Sonstige;68;22;6;3
71015 Eberstedt;Sonstige;1;-;1;-
71017 Ettersburg;Sonstige;11;2;7;2
71019 Frankendorf;Sonstige;11;2;6;1
71022 Großheringen;Sonstige;5;3;2;-
71025 Großschwabhausen;Sonstige;12;-;9;-
71027 Hammerstedt;Sonstige;22;5;6;3
71031 Hetschburg;Sonstige;12;2;6;1
71032 Hohenfelden;Sonstige;9;3;6;2
71034 Hopfgarten;Sonstige;14;5;5;-
71036 Isseroda;Sonstige;9;3;6;2
71037 Kapellendorf;Sonstige;10;1;6;1
71038 Kiliansroda;Sonstige;17;3;6;2
71042 Kleinschwabhausen;Sonstige;9;-;6;-
71043 Klettbach;Sonstige;15;2;9;1
71046 Kranichfeld, Stadt;Sonstige;24;4;12;1
71049 Lehnstedt;Sonstige;25;8;6;1
71053 Magdala, Stadt;Sonstige;23;5;12;2
71055 Mechelroda;Sonstige;36;9;6;1
71056 Mellingen;Sonstige;40;9;12;2
71057 Mönchenholzhausen;Sonstige;16;1;12;1
71059 Nauendorf;Sonstige;17;7;6;2
71061 Neumark, Stadt;Sonstige;13;2;6;1
71064 Niedertrebra;Sonstige;8;3;5;1
71065 Niederzimmern;Sonstige;22;7;12;3
71067 Nohra;Sonstige;32;6;11;2
71069 Obertrebra;Sonstige;14;5;6;2
71071 Oettern;Sonstige;41;15;6;-
71073 Ottstedt a. Berge;Sonstige;2;1;2;1
71077 Rannstedt;Sonstige;23;7;6;3
71079 Rittersdorf;Sonstige;13;3;6;1
71083 Schmiedehausen;Sonstige;8;-;6;-
71087 Tonndorf;Sonstige;7;1;4;-
71088 Troistedt;Sonstige;11;3;6;3
71089 Umpferstedt;Sonstige;8;2;5;1
71093 Vollersroda;Sonstige;14;4;6;1
71095 Wiegendorf;Sonstige;13;4;6;3
71099 Saaleplatte;Sonstige;15;1;11;1
71101 Ilmtal-Weinstraße;Sonstige;34;8;20;4
71102 Am Ettersberg, Stadt;Sonstige;28;9;20;5
72001 Bachfeld;Sonstige;6;-;6;-
72006 Goldisthal;Sonstige;7;1;6;1
72011 Lauscha, Stadt;Sonstige;8;2;4;1
72013 Neuhaus am Rennweg, Stadt;Sonstige;25;6;3;-
72015 Schalkau, Stadt;Sonstige;15;1;7;1
72018 Sonneberg, Stadt;Sonstige;8;3;1;-
72019 Steinach, Stadt;Sonstige;10;2;4;-
72023 Frankenblick;Sonstige;33;9;13;3
73001 Allendorf;Sonstige;9;1;6;-
73002 Altenbeuthen;Sonstige;6;2;-;-
73005 Bad Blankenburg, Stadt;Sonstige;17;5;8;2
73006 Bechstedt;Sonstige;10;2;6;2
73013 Cursdorf;Sonstige;37;5;8;1
73014 Deesbach;Sonstige;24;7;6;1
73017 Döschnitz;Sonstige;10;-;6;-
73028 Gräfenthal, Stadt;Sonstige;13;2;10;-
73035 Hohenwarte;Sonstige;7;1;6;1
73037 Katzhütte;Sonstige;21;6;11;2
73038 Kaulsdorf;Sonstige;12;4;8;3
73046 Lehesten, Stadt;Sonstige;25;1;10;1
73055 Meura;Sonstige;12;4;6;2
73067 Probstzella;Sonstige;8;2;6;1
73074 Rohrbach;Sonstige;13;6;6;3
73076 Rudolstadt, Stadt;Sonstige;38;7;9;2
73077 Saalfeld/Saale, Stadt;Sonstige;33;13;3;1
73082 Schwarzburg;Sonstige;11;1;8;1
73084 Sitzendorf;Sonstige;10;2;5;1
73094 Unterweißbach;Sonstige;21;5;8;-
73106 Leutenberg, Stadt;Sonstige;11;3;7;2
73107 Drognitz;Sonstige;22;6;8;1
73109 Uhlstädt-Kirchhasel;Sonstige;16;3;9;2
73111 Unterwellenborn;Sonstige;20;7;11;4
73112 Königsee, Stadt;Sonstige;62;7;16;3
73113 Schwarzatal, Stadt;Sonstige;46;7;13;3
74001 Albersdorf;Sonstige;9;2;6;2
74002 Altenberga;Sonstige;16;5;8;1
74003 Bad Klosterlausnitz;Sonstige;21;3;11;1
74004 Bibra;Sonstige;10;1;6;1
74005 Bobeck;Sonstige;6;1;5;1
74007 Bremsnitz;Sonstige;13;2;6;2
74008 Bucha;Sonstige;19;1;10;1
74009 Bürgel, Stadt;Sonstige;10;3;7;1
74011 Dornburg-Camburg, Stadt;Sonstige;36;7;12;1
74012 Crossen an der Elster;Sonstige;35;8;7;-
74016 Eichenberg (SHK);Sonstige;6;-;3;-
74017 Eineborn;Sonstige;8;-;-;-
74018 Eisenberg, Stadt;Sonstige;15;5;5;2
74019 Frauenprießnitz;Sonstige;40;5;8;1
74021 Freienorla;Sonstige;11;3;6;2
74022 Geisenhain;Sonstige;23;5;6;1
74024 Gneus;Sonstige;3;1;2;1
74025 Gösen;Sonstige;9;4;-;-
74026 Golmsdorf;Sonstige;21;3;8;2
74028 Graitschen b. Bürgel;Sonstige;13;4;6;2
74029 Großbockedra;Sonstige;10;1;6;1
74031 Großeutersdorf;Sonstige;11;3;6;1
74032 Großlöbichau;Sonstige;21;6;-;-
74033 Großpürschütz;Sonstige;14;7;6;2
74034 Gumperda;Sonstige;6;-;5;-
74036 Hainichen;Sonstige;15;6;6;2
74037 Hainspitz;Sonstige;23;7;8;2
74038 Hartmannsdorf (SHK);Sonstige;11;3;6;2
74039 Heideland;Sonstige;13;5;7;3
74041 Hermsdorf, Stadt;Sonstige;20;6;9;1
74042 Hummelshain;Sonstige;6;2;4;1
74043 Jenalöbnitz;Sonstige;13;3;6;-
74044 Kahla, Stadt;Sonstige;14;2;10;2
74045 Karlsdorf;Sonstige;29;8;6;-
74046 Kleinbockedra;Sonstige;17;6;6;2
74047 Kleinebersdorf;Sonstige;20;6;6;2
74048 Kleineutersdorf;Sonstige;15;-;6;-
74049 Laasdorf;Sonstige;17;2;8;2
74051 Lehesten;Sonstige;20;4;8;2
74052 Lindig;Sonstige;8;4;6;2
74053 Lippersdorf-Erdmannsdorf;Sonstige;15;8;6;3
74054 Löberschütz;Sonstige;11;1;6;1
74055 Mertendorf;Sonstige;20;3;6;-
74056 Meusebach;Sonstige;10;3;6;3
74057 Milda;Sonstige;6;2;3;1
74058 Möckern;Sonstige;14;3;6;2
74059 Mörsdorf;Sonstige;13;4;8;2
74061 Nausnitz;Sonstige;10;6;6;3
74063 Neuengönna;Sonstige;21;1;8;-
74064 Oberbodnitz;Sonstige;8;1;5;1
74065 Orlamünde, Stadt;Sonstige;13;2;9;2
74066 Ottendorf;Sonstige;4;1;4;1
74067 Petersberg;Sonstige;11;4;6;2
74068 Poxdorf;Sonstige;9;2;6;2
74072 Rauda;Sonstige;17;6;-;-
74073 Rauschwitz;Sonstige;12;1;6;-
74074 Rausdorf;Sonstige;21;7;6;3
74075 Reichenbach;Sonstige;18;4;8;1
74076 Reinstädt;Sonstige;12;3;6;1
74077 Renthendorf;Sonstige;6;-;6;-
74079 Rothenstein;Sonstige;15;3;12;3
74081 Ruttersdorf-Lotschen;Sonstige;8;2;6;1
74082 Scheiditz;Sonstige;8;1;6;1
74084 Schleifreisen;Sonstige;28;6;6;2
74085 Schlöben;Sonstige;23;6;8;3
74086 Schöngleina;Sonstige;14;4;8;-
74087 Schöps;Sonstige;9;-;6;-
74089 Seitenroda;Sonstige;11;-;6;-
74091 Serba;Sonstige;17;4;8;4
74093 St.Gangloff;Sonstige;27;6;12;2
74094 Stadtroda, Stadt;Sonstige;22;6;10;2
74095 Sulza;Sonstige;9;3;5;1
74096 Tautenburg;Sonstige;27;8;6;2
74097 Tautendorf;Sonstige;20;5;6;1
74098 Tautenhain;Sonstige;20;3;7;-
74099 Thierschneck;Sonstige;9;2;6;-
74101 Tissa;Sonstige;8;1;6;-
74102 Trockenborn-Wolfersdorf;Sonstige;7;-;3;-
74103 Tröbnitz;Sonstige;16;2;-;-
74104 Unterbodnitz;Sonstige;13;4;6;-
74105 Waldeck;Sonstige;11;1;6;1
74106 Walpernhain;Sonstige;12;4;6;2
74107 Waltersdorf;Sonstige;12;4;6;2
74108 Weißbach;Sonstige;10;-;6;-
74109 Weißenborn;Sonstige;11;2;8;1
74112 Wichmar;Sonstige;46;17;6;1
74113 Zimmern;Sonstige;23;4;6;-
74114 Zöllnitz;Sonstige;9;3;3;-
74116 Schkölen, Stadt;Sonstige;17;6;9;3
75006 Bodelwitz;Sonstige;15;6;-;-
75009 Burgk;Sonstige;17;8;4;2
75014 Dittersdorf;Sonstige;23;4;6;1
75016 Döbritz;Sonstige;10;2;6;2
75018 Dreba;Sonstige;18;4;6;1
75019 Dreitzsch;Sonstige;8;-;6;-
75029 Geroda;Sonstige;11;4;6;3
75031 Gertewitz;Sonstige;13;2;6;1
75033 Görkwitz;Sonstige;12;3;6;1
75034 Göschitz;Sonstige;8;2;6;2
75035 Gössitz;Sonstige;5;-;5;-
75039 Grobengereuth;Sonstige;9;2;6;1
75046 Hirschberg, Stadt;Sonstige;13;1;10;1
75047 Keila;Sonstige;14;3;6;1
75048 Kirschkau;Sonstige;7;3;6;2
75049 Knau;Sonstige;9;4;8;3
75051 Kospoda;Sonstige;26;7;6;1
75054 Langenorla;Sonstige;25;3;12;2
75056 Lausnitz b. Neustadt an der Orla;Sonstige;11;3;6;3
75057 Lemnitz;Sonstige;11;3;6;2
75061 Linda b. Neustadt an der Orla;Sonstige;5;1;2;-
75062 Bad Lobenstein, Stadt;Sonstige;30;4;12;1
75063 Löhma;Sonstige;11;2;6;-
75065 Miesitz;Sonstige;11;3;6;1
75066 Mittelpöllnitz;Sonstige;8;-;6;-
75068 Moßbach;Sonstige;8;4;6;4
75069 Moxa;Sonstige;20;6;6;-
75072 Neundorf (bei Schleiz);Sonstige;7;-;6;-
75073 Neustadt an der Orla, Stadt;Sonstige;34;10;11;1
75074 Nimritz;Sonstige;8;1;5;-
75075 Oberoppurg;Sonstige;8;-;6;-
75076 Oettersdorf;Sonstige;7;4;6;3
75077 Oppurg;Sonstige;18;2;10;2
75079 Paska;Sonstige;10;2;6;1
75081 Peuschen;Sonstige;8;-;6;-
75083 Plothen;Sonstige;16;1;6;1
75084 Pörmitz;Sonstige;14;1;6;-
75085 Pößneck, Stadt;Sonstige;36;8;4;1
75087 Quaschwitz;Sonstige;13;3;6;-
75088 Ranis, Stadt;Sonstige;19;2;9;1
75093 Rosendorf;Sonstige;8;1;6;-
75098 Schleiz, Stadt;Sonstige;38;4;9;1
75099 Schmieritz;Sonstige;7;-;4;-
75101 Schmorda;Sonstige;25;9;6;1
75102 Schöndorf;Sonstige;42;16;6;2
75103 Seisla;Sonstige;24;8;6;1
75105 Solkwitz;Sonstige;13;4;6;1
75109 Tegau;Sonstige;9;2;6;1
75114 Tömmelsdorf;Sonstige;8;-;6;-
75116 Triptis, Stadt;Sonstige;35;9;11;-
75119 Volkmannsdorf;Sonstige;13;2;6;-
75121 Weira;Sonstige;42;6;6;1
75124 Wernburg;Sonstige;8;3;6;2
75125 Wilhelmsdorf;Sonstige;12;4;6;-
75127 Ziegenrück, Stadt;Sonstige;10;3;8;2
75129 Krölpa;Sonstige;30;4;14;2
75131 Gefell, Stadt;Sonstige;17;4;13;3
75132 Tanna, Stadt;Sonstige;24;6;9;1
75133 Wurzbach, Stadt;Sonstige;26;2;15;2
75134 Remptendorf;Sonstige;8;-;7;-
75135 Saalburg-Ebersdorf, Stadt;Sonstige;8;2;4;2
75136 Rosenthal am Rennsteig;Sonstige;19;3;14;2
76003 Bad Köstritz, Stadt;Sonstige;10;2;6;1
76004 Berga/Elster, Stadt;Sonstige;10;3;6;2
76006 Bethenhausen;Sonstige;17;4;6;1
76007 Bocka;Sonstige;6;-;5;-
76008 Brahmenau;Sonstige;26;4;8;2
76009 Braunichswalde;Sonstige;16;4;-;-
76012 Caaschwitz;Sonstige;17;5;8;3
76014 Crimla;Sonstige;8;4;6;2
76017 Endschütz;Sonstige;12;2;6;2
76019 Gauern;Sonstige;25;8;6;1
76022 Greiz, Stadt;Sonstige;55;15;17;5
76023 Großenstein;Sonstige;19;5;12;2
76026 Hartmannsdorf (GRZ);Sonstige;16;2;6;-
76027 Hilbersdorf;Sonstige;9;3;6;3
76028 Hirschfeld;Sonstige;12;1;6;-
76029 Hohenleuben, Stadt;Sonstige;15;5;12;3
76033 Hundhaupten;Sonstige;13;4;6;2
76034 Kauern;Sonstige;16;3;6;2
76036 Korbußen;Sonstige;19;8;6;2
76038 Kühdorf;Sonstige;12;4;6;2
76039 Langenwetzendorf;Sonstige;23;-;9;-
76041 Langenwolschendorf;Sonstige;12;1;3;-
76042 Lederhose;Sonstige;13;3;6;1
76043 Linda b. Weida;Sonstige;22;6;6;1
76044 Lindenkreuz;Sonstige;9;-;6;-
76049 Münchenbernsdorf, Stadt;Sonstige;23;2;9;-
76052 Neumühle/Elster;Sonstige;10;3;6;2
76055 Paitzdorf;Sonstige;7;2;6;2
76058 Pölzig;Sonstige;14;1;12;1
76059 Reichstädt;Sonstige;11;1;6;1
76062 Rückersdorf;Sonstige;11;3;8;2
76064 Saara;Sonstige;16;5;6;3
76067 Schwaara;Sonstige;20;4;6;1
76068 Schwarzbach;Sonstige;12;1;6;-
76069 Seelingstädt;Sonstige;16;4;9;2
76074 Teichwitz;Sonstige;10;5;6;2
76079 Weida, Stadt;Sonstige;36;6;11;1
76081 Weißendorf;Sonstige;14;3;6;1
76084 Wünschendorf/Elster;Sonstige;47;3;14;-
76086 Zedlitz;Sonstige;30;9;8;2
76087 Zeulenroda-Triebes, Stadt;Sonstige;41;13;10;2
76088 Harth-Pöllnitz;Sonstige;24;2;9;-
76089 Kraftsdorf;Sonstige;47;5;11;1
76092 Auma-Weidatal, Stadt;Sonstige;27;4;8;1
76093 Mohlsdorf-Teichwolframsdorf;Sonstige;12;1;6;1
77001 Altenburg, Stadt;Sonstige;62;22;14;2
77003 Dobitschen;Sonstige;17;3;6;-
77005 Fockendorf;Sonstige;9;1;8;-
77007 Gerstenberg;Sonstige;8;-;8;-
77008 Göhren;Sonstige;12;4;6;1
77009 Göllnitz;Sonstige;8;2;6;2
77011 Göpfersdorf;Sonstige;9;-;6;-
77012 Gößnitz, Stadt;Sonstige;45;16;11;2
77015 Haselbach;Sonstige;4;-;4;-
77016 Heukewalde;Sonstige;6;1;4;1
77017 Heyersdorf;Sonstige;7;2;6;2
77018 Jonaswalde;Sonstige;6;-;5;-
77022 Kriebitzsch;Sonstige;6;1;4;1
77023 Langenleuba-Niederhain;Sonstige;24;3;11;1
77026 Löbichau;Sonstige;11;3;8;2
77027 Lödla;Sonstige;10;1;5;1
77028 Lucka, Stadt;Sonstige;33;12;12;3
77031 Mehna;Sonstige;12;5;6;1
77032 Meuselwitz, Stadt;Sonstige;36;12;10;3
77034 Monstab;Sonstige;7;2;6;1
77036 Nobitz;Sonstige;40;5;10;1
77039 Ponitz;Sonstige;11;1;2;-
77041 Posterstein;Sonstige;4;-;4;-
77042 Rositz;Sonstige;11;1;6;-
77043 Schmölln, Stadt;Sonstige;57;11;13;2
77044 Starkenberg;Sonstige;17;1;12;1
77047 Thonhausen;Sonstige;9;-;7;-
77048 Treben;Sonstige;19;5;-;-
77049 Vollmershain;Sonstige;5;2;5;2
77052 Windischleuba;Sonstige;6;1;4;1
Thüringen;Insgesamt;18996;4560;7125;1440
