Lfd. Nr.;Tatzeit;Tatort;TV1;Phänomenbereich;Zähldelikt;Bezeichnung;Betroffene Partei
1;01.01.2020;München;0;Nicht zuzuordnen;§ 303 StGB;Sachbeschädigung;AfD
2;01.01.2020;München;0;Nicht zuzuordnen;§ 303 StGB;Sachbeschädigung;AfD
3;02.01.2020;München;0;Nicht zuzuordnen;§ 303 StGB;Sachbeschädigung;AfD
4;07.01.2020;Grafing;0;Nicht zuzuordnen;§ 242 StGB;Diebstahl;Bündnis 90/Die Grünen
5;07.01.2020;Taucha;0;Rechts;§ 303 StGB;Sachbeschädigung;Die Linke
6;10.01.2020;Leipzig;0;Nicht zuzuordnen;§ 303 StGB;Sachbeschädigung;CDU
7;11.01.2020;Regensburg;0;Links;§ 303 StGB;Sachbeschädigung;CSU
8;12.01.2020;Hamburg;2;Links;§ 303 StGB;Sachbeschädigung;AfD
9;12.01.2020;Leipzig;0;Links;§ 303 StGB;Sachbeschädigung;AfD
10;13.01.2020;Leipzig;0;Links;§ 303 StGB;Sachbeschädigung;AfD
11;14.01.2020;Hamburg;1;Links;§ 303 StGB;Sachbeschädigung;AfD
12;15.01.2020;Hamburg;0;Nicht zuzuordnen;§ 242 StGB;Diebstahl;SPD
13;16.01.2020;Leipzig;0;Links;§ 303 StGB;Sachbeschädigung;AfD
14;16.01.2020;Leipzig;0;Links;§ 303 StGB;Sachbeschädigung;AfD
15;17.01.2020;Leipzig;0;Links;§ 303 StGB;Sachbeschädigung;AfD
16;17.01.2020;Leipzig;1;Links;§ 303 StGB;Sachbeschädigung;SPD
17;18.01.2020;Würzburg;3;Nicht zuzuordnen;§ 303 StGB;Sachbeschädigung;Sonstige Partei
18;18.01.2020;München;0;Nicht zuzuordnen;§ 86a StGB;Volksverhetzung;SPD
19;18.01.2020;München;1;Rechts;§ 303 StGB;Sachbeschädigung;Sonstige Partei
20;19.01.2020;Rimpar;0;Nicht zuzuordnen;§ 303 StGB;Sachbeschädigung;CSU
21;19.01.2020;Wasserburg;0;Links;§ 303 StGB;Sachbeschädigung;keine Angabe
22;19.01.2020;Straubing;1;Rechts;§ 303 StGB;Sachbeschädigung;Die Linke
23;19.01.2020;Hamburg;0;Nicht zuzuordnen;§ 303 StGB;Sachbeschädigung;CDU
24;22.01.2020;Hamburg;0;Nicht zuzuordnen;§ 303 StGB;Sachbeschädigung;CDU
25;23.01.2020;Hamburg;1;Links;§ 303 StGB;Sachbeschädigung;AfD
26;24.01.2020;München;0;Links;§ 242 StGB;Diebstahl;AfD
27;25.01.2020;Buckenhof;0;Nicht zuzuordnen;§ 243 StGB;Besonders schwerer Fall des Diebstahls;Sonstige Partei
28;25.01.2020;Oberhaching;0;Links;§ 303 StGB;Sachbeschädigung;FDP
29;25.01.2020;Oberhaching;0;Nicht zuzuordnen;§ 303 StGB;Sachbeschädigung;FDP
30;25.01.2020;Hamburg;0;Nicht zuzuordnen;§ 303 StGB;Sachbeschädigung;Die Linke, SPD
31;26.01.2020;Straubing;0;Nicht zuzuordnen;§ 303 StGB;Sachbeschädigung;CSU
32;26.01.2020;Augsburg;0;Nicht zuzuordnen;§ 303 StGB;Sachbeschädigung;Sonstige Partei
33;26.01.2020;Augsburg;0;Nicht zuzuordnen;§ 303 StGB;Sachbeschädigung;SPD
34;26.01.2020;Hamburg;0;Nicht zuzuordnen;§ 303 StGB;Sachbeschädigung;SPD
35;26.01.2020;Hamburg;0;Nicht zuzuordnen;§ 303 StGB;Sachbeschädigung;CDU
36;26.01.2020;Hamburg;0;Nicht zuzuordnen;§ 303 StGB;Sachbeschädigung;AfD
37;27.01.2020;Weinsberg;0;Nicht zuzuordnen;§ 303 StGB;Sachbeschädigung;keine Angabe
38;27.01.2020;München;0;Links;§ 242 StGB;Diebstahl;AfD
39;27.01.2020;Hamburg;0;Links;§ 303 StGB;Sachbeschädigung;AfD
40;27.01.2020;Hamburg;0;Nicht zuzuordnen;§ 242 StGB;Diebstahl;SPD
41;27.01.2020;Hamburg;0;Nicht zuzuordnen;§ 303 StGB;Sachbeschädigung;CDU
42;27.01.2020;Hamburg;0;Nicht zuzuordnen;§ 303 StGB;Sachbeschädigung;SPD
43;27.01.2020;Hamburg;0;Nicht zuzuordnen;§ 303 StGB;Sachbeschädigung;Sonstige Partei
44;27.01.2020;Hamburg;1;Nicht zuzuordnen;§ 303 StGB;Sachbeschädigung;CDU
45;27.01.2020;Hamburg;0;Nicht zuzuordnen;§ 303 StGB;Sachbeschädigung;Sonstige Partei
46;27.01.2020;Hamburg;0;Nicht zuzuordnen;§ 303 StGB;Sachbeschädigung;FDP
47;27.01.2020;Hamburg;0;Nicht zuzuordnen;§ 242 StGB;Diebstahl;Sonstige Partei
48;28.01.2020;Otterfing;0;Rechts;§ 86a StGB;Volksverhetzung;Bündnis 90/Die Grünen
49;28.01.2020;Hamburg;0;Nicht zuzuordnen;§ 303 StGB;Sachbeschädigung;Bündnis 90/Die Grünen
50;28.01.2020;Hamburg;0;Nicht zuzuordnen;§ 303 StGB;Sachbeschädigung;FDP, SPD
51;28.01.2020;Hamburg;0;Nicht zuzuordnen;§ 303 StGB;Sachbeschädigung;Die Linke, CDU
52;28.01.2020;Hamburg;0;Nicht zuzuordnen;§ 303 StGB;Sachbeschädigung;Bündnis 90/Die Grünen
53;28.01.2020;Hamburg;0;Nicht zuzuordnen;§ 303 StGB;Sachbeschädigung;SPD
54;28.01.2020;Hamburg;1;Links;§ 303 StGB;Sachbeschädigung;AfD
55;29.01.2020;Hamburg;0;Nicht zuzuordnen;§ 303 StGB;Sachbeschädigung;Sonstige Partei
56;29.01.2020;Hamburg;0;Nicht zuzuordnen;§ 303 StGB;Sachbeschädigung;Die Linke
57;29.01.2020;Hamburg;0;Nicht zuzuordnen;§ 303 StGB;Sachbeschädigung;Sonstige Partei
58;29.01.2020;Hamburg;0;Nicht zuzuordnen;§ 303 StGB;Sachbeschädigung;Sonstige Partei
59;29.01.2020;Hamburg;0;Nicht zuzuordnen;§ 303 StGB;Sachbeschädigung;Sonstige Partei
60;30.01.2020;Hamburg;0;Nicht zuzuordnen;§ 303 StGB;Sachbeschädigung;CDU, SPD
61;30.01.2020;Hamburg;0;Rechts;§ 303 StGB;Sachbeschädigung;Die Linke
62;30.01.2020;Hamburg;0;Links;§ 303 StGB;Sachbeschädigung;Bündnis 90/Die Grünen, AfD
63;31.01.2020;München;0;Nicht zuzuordnen;§ 303 StGB;Sachbeschädigung;SPD
64;31.01.2020;Gelsenkirchen;0;Ausländische Ideologie;§ 303 StGB;Sachbeschädigung;Sonstige Partei
65;01.02.2020;Nürnberg;0;Links;§ 303 StGB;Sachbeschädigung;AfD
66;01.02.2020;Hamburg;0;Nicht zuzuordnen;§ 303 StGB;Sachbeschädigung;Sonstige Partei
67;02.02.2020;Penzberg;0;Rechts;§ 86a StGB;Volksverhetzung;keine Angabe
68;02.02.2020;Abenberg;0;Rechts;§ 303 StGB;Sachbeschädigung;Die Linke
69;02.02.2020;München;1;Links;§ 240 StGB;Nötigung;AfD
70;02.02.2020;Nürnberg;0;Nicht zuzuordnen;§ 303 StGB;Sachbeschädigung;Die Linke
71;02.02.2020;München;0;Nicht zuzuordnen;§ 303 StGB;Sachbeschädigung;Bündnis 90/Die Grünen
72;02.02.2020;Hamburg;1;Links;§ 303 StGB;Sachbeschädigung;AfD
73;03.02.2020;Nürnberg;0;Nicht zuzuordnen;§ 303 StGB;Sachbeschädigung;Die Linke
74;03.02.2020;Oberasbach;0;Nicht zuzuordnen;§ 303 StGB;Sachbeschädigung;AfD
75;03.02.2020;Trostberg;0;Links;§ 303 StGB;Sachbeschädigung;CSU
76;03.02.2020;Hamburg;2;Nicht zuzuordnen;§ 303 StGB;Sachbeschädigung;CDU
77;03.02.2020;Hamburg;0;Nicht zuzuordnen;§ 303 StGB;Sachbeschädigung;Bündnis 90/Die Grünen
78;03.02.2020;Hamburg;0;Nicht zuzuordnen;§ 303 StGB;Sachbeschädigung;CDU
79;03.02.2020;Hamburg;0;Nicht zuzuordnen;§ 303 StGB;Sachbeschädigung;SPD
80;03.02.2020;Hamburg;0;Nicht zuzuordnen;§ 303 StGB;Sachbeschädigung;CDU
81;03.02.2020;Hamburg;0;Links;§ 303 StGB;Sachbeschädigung;AfD
82;03.02.2020;Hamburg;1;Links;§ 303 StGB;Sachbeschädigung;AfD
83;04.02.2020;Nürnberg;0;Nicht zuzuordnen;§ 303 StGB;Sachbeschädigung;Die Linke
84;04.02.2020;Kempten;0;Links;§ 242 StGB;Diebstahl;AfD
85;04.02.2020;Hamburg;1;Links;§ 303 StGB;Sachbeschädigung;AfD
86;04.02.2020;Hamburg;0;Links;§ 303 StGB;Sachbeschädigung;AfD, SPD
87;04.02.2020;Hamburg;0;Links;§ 303 StGB;Sachbeschädigung;AfD
88;04.02.2020;Hamburg;0;Links;§ 303 StGB;Sachbeschädigung;AfD
89;04.02.2020;Hamburg;0;Links;§ 303 StGB;Sachbeschädigung;AfD
90;04.02.2020;Hamburg;0;Links;§ 303 StGB;Sachbeschädigung;AfD
91;05.02.2020;Nürnberg;0;Nicht zuzuordnen;§ 303 StGB;Sachbeschädigung;Die Linke
92;05.02.2020;Eichenau;0;Links;§ 86a StGB;Volksverhetzung;CSU
93;05.02.2020;Haar;0;Links;§ 303 StGB;Sachbeschädigung;FDP
94;05.02.2020;Gilching;0;Rechts;§ 242 StGB;Diebstahl;Bündnis 90/Die Grünen
95;05.02.2020;Hamburg;0;Links;§ 303 StGB;Sachbeschädigung;FDP, AfD
96;05.02.2020;Leipzig;0;Links;§ 303 StGB;Sachbeschädigung;FDP
97;06.02.2020;Schwandorf;0;Nicht zuzuordnen;§ 242 StGB;Diebstahl;keine Angabe
98;06.02.2020;Nürnberg;0;Nicht zuzuordnen;§ 303 StGB;Sachbeschädigung;Die Linke
99;06.02.2020;Wendelstein;0;Rechts;§ 303 StGB;Sachbeschädigung;SPD
100;06.02.2020;München;0;Nicht zuzuordnen;§ 242 StGB;Diebstahl;Bündnis 90/Die Grünen
101;06.02.2020;Prien;0;Links;§ 86a StGB;Volksverhetzung;AfD
102;06.02.2020;Hallstadt;0;Nicht zuzuordnen;§ 303 StGB;Sachbeschädigung;SPD
103;06.02.2020;Eggenfelden;1;Links;§ 303 StGB;Sachbeschädigung;Sonstige Partei
104;06.02.2020;Hamburg;0;Nicht zuzuordnen;§ 303 StGB;Sachbeschädigung;Bündnis 90/Die Grünen
105;06.02.2020;Hamburg;0;Links;§ 303 StGB;Sachbeschädigung;AfD
106;06.02.2020;Hamburg;1;Links;§ 303 StGB;Sachbeschädigung;AfD
107;06.02.2020;Hamburg;0;Nicht zuzuordnen;§ 303 StGB;Sachbeschädigung;FDP
108;06.02.2020;Hamburg;0;Links;§ 303 StGB;Sachbeschädigung;AfD
109;06.02.2020;Hamburg;0;Nicht zuzuordnen;§ 303 StGB;Sachbeschädigung;AfD
110;06.02.2020;Hamburg;0;Nicht zuzuordnen;§ 303 StGB;Sachbeschädigung;Bündnis 90/Die Grünen
111;06.02.2020;Hamburg;0;Links;§ 303 StGB;Sachbeschädigung;AfD
112;06.02.2020;Hamburg;0;Links;§ 303 StGB;Sachbeschädigung;AfD, SPD
113;07.02.2020;Nürnberg;0;Nicht zuzuordnen;§ 303 StGB;Sachbeschädigung;Die Linke
114;07.02.2020;Oberviechtach;0;Nicht zuzuordnen;§ 303 StGB;Sachbeschädigung;CSU
115;07.02.2020;Prien;0;Nicht zuzuordnen;§ 303 StGB;Sachbeschädigung;AfD
116;07.02.2020;Hamburg;0;Links;§ 303 StGB;Sachbeschädigung;Die Linke
117;07.02.2020;Hamburg;0;Rechts;§ 303 StGB;Sachbeschädigung;Die Linke
118;07.02.2020;Hamburg;0;Nicht zuzuordnen;§ 303 StGB;Sachbeschädigung;Bündnis 90/Die Grünen
119;07.02.2020;Hamburg;0;Links;§ 303 StGB;Sachbeschädigung;AfD
120;07.02.2020;Hamburg;0;Links;§ 303 StGB;Sachbeschädigung;AfD
121;07.02.2020;Hamburg;1;Nicht zuzuordnen;§ 303 StGB;Sachbeschädigung;FDP
122;07.02.2020;Hamburg;0;Links;§ 303 StGB;Sachbeschädigung;AfD
123;07.02.2020;Hamburg;2;Nicht zuzuordnen;§ 303 StGB;Sachbeschädigung;FDP
124;07.02.2020;Leipzig;0;Nicht zuzuordnen;§ 303 StGB;Sachbeschädigung;Bündnis 90/Die Grünen
125;08.02.2020;Eichstätt;0;Links;§ 242 StGB;Diebstahl;CSU
126;08.02.2020;Spardorf;0;Nicht zuzuordnen;§ 303 StGB;Sachbeschädigung;Sonstige Partei
127;08.02.2020;Uffing;0;Nicht zuzuordnen;§ 242 StGB;Diebstahl;Sonstige Partei
128;08.02.2020;München;2;Nicht zuzuordnen;§ 303 StGB;Sachbeschädigung;Sonstige Partei
129;08.02.2020;München;0;Nicht zuzuordnen;§ 242 StGB;Diebstahl;Sonstige Partei
130;08.02.2020;München;0;Nicht zuzuordnen;§ 242 StGB;Diebstahl;Sonstige Partei
131;08.02.2020;Aschaffenburg;0;Nicht zuzuordnen;§ 303 StGB;Sachbeschädigung;Bündnis 90/Die Grünen
132;08.02.2020;Schwandorf;0;Nicht zuzuordnen;§ 303 StGB;Sachbeschädigung;Sonstige Partei, SPD
133;08.02.2020;Schwandorf;1;Links;§ 303 StGB;Sachbeschädigung;CSU, Sonstige Partei
134;08.02.2020;Ingolstadt;1;Nicht zuzuordnen;§ 303 StGB;Sachbeschädigung;Die Linke
135;08.02.2020;Leipzig;5;Links;§ 303 StGB;Sachbeschädigung;AfD
136;09.02.2020;Coburg;0;Links;§ 303 StGB;Sachbeschädigung;FDP
137;09.02.2020;Tirschenreuth;0;Links;§ 303 StGB;Sachbeschädigung;CSU
138;09.02.2020;Rehau;0;Links;§ 303 StGB;Sachbeschädigung;CSU
139;09.02.2020;Weißenburg;0;Links;§ 303 StGB;Sachbeschädigung;CSU
140;09.02.2020;Icking;0;Nicht zuzuordnen;§ 303 StGB;Sachbeschädigung;SPD
141;09.02.2020;Lam;0;Nicht zuzuordnen;§ 303 StGB;Sachbeschädigung;CSU, Sonstige Partei
142;09.02.2020;Kempten;0;Links;§ 242 StGB;Diebstahl;AfD
143;09.02.2020;Sennfeld;0;Nicht zuzuordnen;§ 242 StGB;Diebstahl;CSU
144;09.02.2020;Hamburg;0;Nicht zuzuordnen;§ 303 StGB;Sachbeschädigung;FDP
145;09.02.2020;Hamburg;0;Nicht zuzuordnen;§ 303 StGB;Sachbeschädigung;FDP
146;09.02.2020;Hamburg;0;Nicht zuzuordnen;§ 303 StGB;Sachbeschädigung;FDP, AfD
147;09.02.2020;Hamburg;0;Nicht zuzuordnen;§ 303 StGB;Sachbeschädigung;FDP, Sonstige Partei, CDU, SPD
148;09.02.2020;Hamburg;0;Nicht zuzuordnen;§ 303 StGB;Sachbeschädigung;FDP, CDU, SPD
149;09.02.2020;Hamburg;0;Nicht zuzuordnen;§ 303 StGB;Sachbeschädigung;FDP
150;09.02.2020;Hamburg;1;Nicht zuzuordnen;§ 303 StGB;Sachbeschädigung;SPD
151;09.02.2020;Hamburg;0;Nicht zuzuordnen;§ 303 StGB;Sachbeschädigung;CDU
152;10.02.2020;Nürnberg;0;Nicht zuzuordnen;§ 303 StGB;Sachbeschädigung;Die Linke
153;10.02.2020;Nürnberg;0;Nicht zuzuordnen;§ 303 StGB;Sachbeschädigung;Die Linke
154;10.02.2020;Grünwald;0;Nicht zuzuordnen;§ 303 StGB;Sachbeschädigung;SPD
155;10.02.2020;Fuchsstadt;0;Nicht zuzuordnen;§ 242 StGB;Diebstahl;CSU
156;10.02.2020;Nürnberg;0;Nicht zuzuordnen;§ 242 StGB;Diebstahl;SPD
157;10.02.2020;Gilching;0;Nicht zuzuordnen;§ 303 StGB;Sachbeschädigung;CSU
158;10.02.2020;Lohr;0;Rechts;§ 86a StGB;Volksverhetzung;Bündnis 90/Die Grünen
159;10.02.2020;München;0;Rechts;§ 303 StGB;Sachbeschädigung;SPD
160;10.02.2020;Neubiberg;0;Nicht zuzuordnen;§ 303 StGB;Sachbeschädigung;Bündnis 90/Die Grünen
161;10.02.2020;Hamburg;0;Nicht zuzuordnen;§ 303 StGB;Sachbeschädigung;CDU
162;10.02.2020;Hamburg;0;Nicht zuzuordnen;§ 303 StGB;Sachbeschädigung;CDU, SPD
163;10.02.2020;Hamburg;0;Rechts;§ 303 StGB;Sachbeschädigung;Die Linke
164;10.02.2020;Hamburg;0;Links;§ 303 StGB;Sachbeschädigung;AfD
165;11.02.2020;Sinzing;0;Rechts;§ 86a StGB;Volksverhetzung;Sonstige Partei
166;11.02.2020;Nürnberg;0;Nicht zuzuordnen;§ 242 StGB;Diebstahl;Die Linke
167;11.02.2020;Grünwald;0;Nicht zuzuordnen;§ 303 StGB;Sachbeschädigung;CSU
168;11.02.2020;Nürnberg;0;Links;§ 86a StGB;Volksverhetzung;AfD
169;11.02.2020;Bamberg;0;Links;§ 303 StGB;Sachbeschädigung;AfD
170;11.02.2020;Landshut;0;Links;§ 303 StGB;Sachbeschädigung;CSU, FDP, AfD, Sonstige Partei
171;11.02.2020;Germering;0;Links;§ 303 StGB;Sachbeschädigung;CSU
172;11.02.2020;Grünwald;0;Rechts;§ 86a StGB;Volksverhetzung;Sonstige Partei
173;11.02.2020;Hamburg;0;Links;§ 303 StGB;Sachbeschädigung;AfD
174;11.02.2020;Hamburg;0;Nicht zuzuordnen;§ 303 StGB;Sachbeschädigung;FDP
175;11.02.2020;Braunschweig;1;Links;§ 303 StGB;Sachbeschädigung;Sonstige Partei
176;12.02.2020;Nürnberg;0;Nicht zuzuordnen;§ 242 StGB;Diebstahl;Die Linke
177;12.02.2020;Haundorf;0;Links;§ 303 StGB;Sachbeschädigung;CSU
178;12.02.2020;München;0;Nicht zuzuordnen;§ 242 StGB;Diebstahl;Sonstige Partei
179;12.02.2020;München;0;Rechts;§ 86a StGB;Volksverhetzung;SPD
180;12.02.2020;München;0;Rechts;§ 86a StGB;Volksverhetzung;CSU
181;12.02.2020;München;0;Nicht zuzuordnen;§ 242 StGB;Diebstahl;Sonstige Partei
182;12.02.2020;München;0;Nicht zuzuordnen;§ 242 StGB;Diebstahl;Sonstige Partei
183;12.02.2020;München;0;Nicht zuzuordnen;§ 242 StGB;Diebstahl;Sonstige Partei
184;12.02.2020;München;0;Nicht zuzuordnen;§ 242 StGB;Diebstahl;Sonstige Partei
185;12.02.2020;Erding;1;Nicht zuzuordnen;§ 303 StGB;Sachbeschädigung;keine Angabe
186;12.02.2020;München;0;Nicht zuzuordnen;§ 242 StGB;Diebstahl;Sonstige Partei
187;12.02.2020;München;0;Nicht zuzuordnen;§ 242 StGB;Diebstahl;Sonstige Partei
188;12.02.2020;München;0;Nicht zuzuordnen;§ 242 StGB;Diebstahl;Sonstige Partei
189;12.02.2020;München;0;Nicht zuzuordnen;§ 242 StGB;Diebstahl;Sonstige Partei
190;12.02.2020;München;0;Nicht zuzuordnen;§ 242 StGB;Diebstahl;Sonstige Partei
191;12.02.2020;München;0;Nicht zuzuordnen;§ 242 StGB;Diebstahl;Sonstige Partei
192;12.02.2020;München;0;Nicht zuzuordnen;§ 242 StGB;Diebstahl;Sonstige Partei
193;12.02.2020;München;0;Nicht zuzuordnen;§ 242 StGB;Diebstahl;Sonstige Partei
194;12.02.2020;München;0;Nicht zuzuordnen;§ 242 StGB;Diebstahl;Sonstige Partei
195;12.02.2020;München;0;Nicht zuzuordnen;§ 242 StGB;Diebstahl;Sonstige Partei
196;12.02.2020;München;0;Nicht zuzuordnen;§ 242 StGB;Diebstahl;Sonstige Partei
197;12.02.2020;München;0;Nicht zuzuordnen;§ 242 StGB;Diebstahl;Sonstige Partei
198;12.02.2020;München;0;Nicht zuzuordnen;§ 242 StGB;Diebstahl;Sonstige Partei
199;12.02.2020;München;0;Nicht zuzuordnen;§ 242 StGB;Diebstahl;Sonstige Partei
200;12.02.2020;München;0;Nicht zuzuordnen;§ 242 StGB;Diebstahl;Sonstige Partei
201;12.02.2020;München;0;Nicht zuzuordnen;§ 242 StGB;Diebstahl;Sonstige Partei
202;12.02.2020;München;0;Nicht zuzuordnen;§ 242 StGB;Diebstahl;Sonstige Partei
203;12.02.2020;München;0;Nicht zuzuordnen;§ 242 StGB;Diebstahl;Sonstige Partei
204;12.02.2020;Neunkirchen;0;Nicht zuzuordnen;§ 303 StGB;Sachbeschädigung;Bündnis 90/Die Grünen
205;12.02.2020;Hamburg;1;Links;§ 303 StGB;Sachbeschädigung;AfD
206;12.02.2020;Hamburg;1;Nicht zuzuordnen;§ 242 StGB;Diebstahl;SPD
207;12.02.2020;Hamburg;0;Nicht zuzuordnen;§ 303 StGB;Sachbeschädigung;FDP
208;12.02.2020;Hamburg;1;Links;§ 303 StGB;Sachbeschädigung;AfD
209;13.02.2020;Klingenberg;0;Links;§ 303 StGB;Sachbeschädigung;FDP
210;13.02.2020;Nürnberg;0;Rechts;§ 303 StGB;Sachbeschädigung;Die Linke
211;13.02.2020;Gauting;0;Nicht zuzuordnen;§ 242 StGB;Diebstahl;keine Angabe
212;13.02.2020;Ebenhausen;0;Links;§ 303 StGB;Sachbeschädigung;Sonstige Partei
213;13.02.2020;Hamburg;0;Nicht zuzuordnen;§ 303 StGB;Sachbeschädigung;Sonstige Partei
214;14.02.2020;Eckental;0;Nicht zuzuordnen;§ 303 StGB;Sachbeschädigung;Sonstige Partei
215;14.02.2020;Nürnberg;0;Nicht zuzuordnen;§ 303 StGB;Sachbeschädigung;Die Linke
216;14.02.2020;München;0;Links;§ 303 StGB;Sachbeschädigung;AfD
217;14.02.2020;Cadolzburg;0;Nicht zuzuordnen;§ 303 StGB;Sachbeschädigung;SPD
218;14.02.2020;München;0;Nicht zuzuordnen;§ 242 StGB;Diebstahl;Die Linke
219;14.02.2020;München;0;Nicht zuzuordnen;§ 242 StGB;Diebstahl;Die Linke
220;14.02.2020;München;0;Nicht zuzuordnen;§ 242 StGB;Diebstahl;Die Linke
221;14.02.2020;München;0;Nicht zuzuordnen;§ 242 StGB;Diebstahl;Die Linke
222;14.02.2020;München;0;Nicht zuzuordnen;§ 242 StGB;Diebstahl;Die Linke
223;14.02.2020;München;0;Nicht zuzuordnen;§ 242 StGB;Diebstahl;Die Linke
224;14.02.2020;München;0;Nicht zuzuordnen;§ 242 StGB;Diebstahl;Die Linke
225;14.02.2020;München;0;Nicht zuzuordnen;§ 242 StGB;Diebstahl;Die Linke
226;14.02.2020;München;0;Nicht zuzuordnen;§ 242 StGB;Diebstahl;Die Linke
227;14.02.2020;München;0;Nicht zuzuordnen;§ 242 StGB;Diebstahl;Die Linke
228;14.02.2020;München;0;Rechts;§ 242 StGB;Diebstahl;Die Linke
229;14.02.2020;München;0;Rechts;§ 242 StGB;Diebstahl;Die Linke
230;14.02.2020;München;0;Nicht zuzuordnen;§ 242 StGB;Diebstahl;Die Linke
231;14.02.2020;München;0;Nicht zuzuordnen;§ 242 StGB;Diebstahl;Die Linke
232;14.02.2020;Hohenschäftlarn;0;Nicht zuzuordnen;§ 242 StGB;Diebstahl;Sonstige Partei
233;14.02.2020;Hamburg;0;Rechts;§ 303 StGB;Sachbeschädigung;Die Linke
234;14.02.2020;Hamburg;0;Links;§ 303 StGB;Sachbeschädigung;AfD
235;15.02.2020;Pfatter;0;Nicht zuzuordnen;§ 303 StGB;Sachbeschädigung;CSU
236;15.02.2020;Neutraubling;0;Rechts;§ 303 StGB;Sachbeschädigung;Bündnis 90/Die Grünen, CSU, Sonstige Partei
237;15.02.2020;Nürnberg;0;Nicht zuzuordnen;§ 303 StGB;Sachbeschädigung;Die Linke
238;15.02.2020;Nürnberg;0;Links;§ 303 StGB;Sachbeschädigung;AfD
239;15.02.2020;Hohenbrunn;0;Nicht zuzuordnen;§ 303 StGB;Sachbeschädigung;Sonstige Partei
240;15.02.2020;Schmidmühlen;0;Nicht zuzuordnen;§ 242 StGB;Diebstahl;CSU
241;15.02.2020;München;0;Nicht zuzuordnen;§ 242 StGB;Diebstahl;Sonstige Partei
242;15.02.2020;München;0;Nicht zuzuordnen;§ 242 StGB;Diebstahl;SPD
243;15.02.2020;Buchdorf;0;Nicht zuzuordnen;§ 303 StGB;Sachbeschädigung;Sonstige Partei
244;15.02.2020;Kirchehrenbach;0;Nicht zuzuordnen;§ 303 StGB;Sachbeschädigung;CSU, Sonstige Partei, SPD
245;15.02.2020;Regensburg;0;Links;§ 303 StGB;Sachbeschädigung;AfD
246;15.02.2020;Hamburg;0;Nicht zuzuordnen;§ 303 StGB;Sachbeschädigung;SPD
247;15.02.2020;Hamburg;0;Nicht zuzuordnen;§ 242 StGB;Diebstahl;Sonstige Partei
248;15.02.2020;Hamburg;0;Nicht zuzuordnen;§ 242 StGB;Diebstahl;Sonstige Partei
249;15.02.2020;Hamburg;0;Nicht zuzuordnen;§ 242 StGB;Diebstahl;Sonstige Partei
250;15.02.2020;Hamburg;0;Nicht zuzuordnen;§ 242 StGB;Diebstahl;Sonstige Partei
251;15.02.2020;Hamburg;0;Nicht zuzuordnen;§ 242 StGB;Diebstahl;Sonstige Partei
252;15.02.2020;Hamburg;0;Nicht zuzuordnen;§ 242 StGB;Diebstahl;Sonstige Partei
253;16.02.2020;Bürgstadt;0;Nicht zuzuordnen;§ 303 StGB;Sachbeschädigung;Sonstige Partei
254;16.02.2020;Bürgstadt;0;Nicht zuzuordnen;§ 303 StGB;Sachbeschädigung;CSU
255;16.02.2020;Dietersheim;0;Rechts;§ 303 StGB;Sachbeschädigung;Die Linke
256;16.02.2020;Weilheim;0;Nicht zuzuordnen;§ 303 StGB;Sachbeschädigung;FDP, AfD
257;16.02.2020;Hohenschäftlarn;0;Links;§ 303 StGB;Sachbeschädigung;Sonstige Partei
258;16.02.2020;Dietersheim;0;Rechts;§ 303 StGB;Sachbeschädigung;Die Linke
259;16.02.2020;Dietersheim;0;Rechts;§ 303 StGB;Sachbeschädigung;Die Linke
260;16.02.2020;Passau;0;Nicht zuzuordnen;§ 303 StGB;Sachbeschädigung;SPD
261;16.02.2020;Arrach;0;Links;§ 303 StGB;Sachbeschädigung;CSU
262;16.02.2020;München;0;Links;§ 303 StGB;Sachbeschädigung;SPD
263;16.02.2020;Icking;0;Nicht zuzuordnen;§ 242 StGB;Diebstahl;Bündnis 90/Die Grünen
264;16.02.2020;Nürnberg;0;Nicht zuzuordnen;§ 303 StGB;Sachbeschädigung;Die Linke
265;16.02.2020;Rosenheim;0;Links;§ 303 StGB;Sachbeschädigung;AfD
266;16.02.2020;München;1;Nicht zuzuordnen;§ 303 StGB;Sachbeschädigung;AfD
267;16.02.2020;Forchheim;0;Nicht zuzuordnen;§ 242 StGB;Diebstahl;Sonstige Partei
268;16.02.2020;Kaufering;0;Nicht zuzuordnen;§ 303 StGB;Sachbeschädigung;SPD
269;16.02.2020;Herzogenaurach;0;Nicht zuzuordnen;§ 303 StGB;Sachbeschädigung;CSU, AfD
270;16.02.2020;Hamburg;1;Nicht zuzuordnen;§ 303 StGB;Sachbeschädigung;CDU
271;16.02.2020;Hamburg;0;Nicht zuzuordnen;§ 303 StGB;Sachbeschädigung;SPD
272;16.02.2020;Hamburg;0;Links;§ 303 StGB;Sachbeschädigung;AfD
273;16.02.2020;Hamburg;0;Nicht zuzuordnen;§ 303 StGB;Sachbeschädigung;Sonstige Partei
274;16.02.2020;Hamburg;0;Nicht zuzuordnen;§ 303 StGB;Sachbeschädigung;Sonstige Partei
275;17.02.2020;Miltenberg;0;Nicht zuzuordnen;§ 303 StGB;Sachbeschädigung;FDP
276;17.02.2020;Miltenberg;0;Nicht zuzuordnen;§ 303 StGB;Sachbeschädigung;CSU
277;17.02.2020;Miltenberg;0;Nicht zuzuordnen;§ 303 StGB;Sachbeschädigung;Die Linke
278;17.02.2020;Mühldorf;0;Links;§ 303 StGB;Sachbeschädigung;AfD
279;17.02.2020;München;1;Links;§ 303 StGB;Sachbeschädigung;Sonstige Partei
280;17.02.2020;Nürnberg;0;Nicht zuzuordnen;§ 303 StGB;Sachbeschädigung;Sonstige Partei
281;17.02.2020;Nürnberg;0;Nicht zuzuordnen;§ 303 StGB;Sachbeschädigung;Die Linke
282;17.02.2020;Hammelburg;0;Nicht zuzuordnen;§ 242 StGB;Diebstahl;Sonstige Partei
283;17.02.2020;Nürnberg;0;Links;§ 242 StGB;Diebstahl;Sonstige Partei
284;17.02.2020;Grafrath;0;Nicht zuzuordnen;§ 303 StGB;Sachbeschädigung;Sonstige Partei
285;17.02.2020;Wiesentheid;0;Nicht zuzuordnen;§ 303 StGB;Sachbeschädigung;CSU
286;17.02.2020;Hamburg;0;Links;§ 303 StGB;Sachbeschädigung;Bündnis 90/Die Grünen, AfD, SPD
287;18.02.2020;Rückersdorf;0;Rechts;§ 86a StGB;Volksverhetzung;Bündnis 90/Die Grünen
288;18.02.2020;Nürnberg;0;Nicht zuzuordnen;§ 303 StGB;Sachbeschädigung;Die Linke
289;18.02.2020;Nürnberg;1;Links;§ 303 StGB;Sachbeschädigung;AfD
290;18.02.2020;Bodenwöhr;0;Nicht zuzuordnen;§ 242 StGB;Diebstahl;Sonstige Partei
291;18.02.2020;Landsberg;0;Nicht zuzuordnen;§ 303 StGB;Sachbeschädigung;Bündnis 90/Die Grünen
292;18.02.2020;München;1;Nicht zuzuordnen;§ 303 StGB;Sachbeschädigung;FDP
293;18.02.2020;Hamburg;1;Nicht zuzuordnen;§ 224 StGB;Gefährliche Körperverletzung;Die Linke
294;18.02.2020;Hamburg;0;Links;§ 303 StGB;Sachbeschädigung;AfD
295;19.02.2020;Augsburg;0;Rechts;§ 86a StGB;Volksverhetzung;Bündnis 90/Die Grünen
296;19.02.2020;Prien;0;Links;§ 242 StGB;Diebstahl;AfD
297;19.02.2020;Würzburg;0;Links;§ 303 StGB;Sachbeschädigung;CSU
298;19.02.2020;Nürnberg;0;Nicht zuzuordnen;§ 303 StGB;Sachbeschädigung;Die Linke
299;19.02.2020;Schwarzenfeld;0;Nicht zuzuordnen;§ 303 StGB;Sachbeschädigung;CSU
300;19.02.2020;Kempten;0;Links;§ 303 StGB;Sachbeschädigung;AfD
301;19.02.2020;Kempten;0;Links;§ 303 StGB;Sachbeschädigung;AfD
302;19.02.2020;Erding;0;Nicht zuzuordnen;§ 303 StGB;Sachbeschädigung;CSU, AfD
303;19.02.2020;Weiden;0;Rechts;§ 242 StGB;Diebstahl;Die Linke
304;19.02.2020;Hamburg;0;Nicht zuzuordnen;§ 303 StGB;Sachbeschädigung;CDU
305;20.02.2020;Aying;0;Links;§ 303 StGB;Sachbeschädigung;AfD
306;20.02.2020;Waldkraiburg;0;Links;§ 303 StGB;Sachbeschädigung;AfD
307;20.02.2020;Regensburg;1;Links;§ 303 StGB;Sachbeschädigung;CSU, FDP, AfD
308;20.02.2020;Gauting;0;Nicht zuzuordnen;§ 242 StGB;Diebstahl;SPD
309;20.02.2020;Nürnberg;0;Nicht zuzuordnen;§ 303 StGB;Sachbeschädigung;Die Linke
310;20.02.2020;Herzogenaurach;1;Links;§ 243 StGB;Besonders schwerer Fall des Diebstahls;AfD
311;20.02.2020;Dachau;0;Nicht zuzuordnen;§ 242 StGB;Diebstahl;Sonstige Partei
312;20.02.2020;Unterschleißheim;1;Links;§ 303 StGB;Sachbeschädigung;AfD
313;20.02.2020;Hamburg;2;Nicht zuzuordnen;§ 303 StGB;Sachbeschädigung;FDP
314;20.02.2020;Hamburg;0;Links;§ 303 StGB;Sachbeschädigung;AfD
315;20.02.2020;Hamburg;0;Links;§ 303 StGB;Sachbeschädigung;AfD
316;20.02.2020;Hamburg;0;Links;§ 303 StGB;Sachbeschädigung;AfD
317;20.02.2020;Hamburg;0;Links;§ 303 StGB;Sachbeschädigung;AfD
318;20.02.2020;Hamburg;0;Nicht zuzuordnen;§ 242 StGB;Diebstahl;SPD
319;20.02.2020;Hamburg;0;Nicht zuzuordnen;§ 242 StGB;Diebstahl;SPD
320;20.02.2020;Hamburg;0;Nicht zuzuordnen;§ 242 StGB;Diebstahl;SPD
321;20.02.2020;Hamburg;0;Nicht zuzuordnen;§ 242 StGB;Diebstahl;SPD
322;20.02.2020;Hamburg;2;Nicht zuzuordnen;§ 303 StGB;Sachbeschädigung;FDP, CDU
323;20.02.2020;Hamburg;2;Links;§ 242 StGB;Diebstahl;AfD
324;20.02.2020;Hamburg;0;Nicht zuzuordnen;§ 303 StGB;Sachbeschädigung;AfD, Sonstige Partei, SPD
325;21.02.2020;Neuburg;0;Links;§ 303 StGB;Sachbeschädigung;AfD
326;21.02.2020;München;0;Links;§ 303 StGB;Sachbeschädigung;AfD
327;21.02.2020;München;0;Links;§ 303 StGB;Sachbeschädigung;Sonstige Partei
328;21.02.2020;Asbach- Bäumenheim;0;Rechts;§ 303 StGB;Sachbeschädigung;Die Linke
329;21.02.2020;Miltenberg;0;Nicht zuzuordnen;§ 242 StGB;Diebstahl;Sonstige Partei
330;21.02.2020;Irchenrieth;0;Nicht zuzuordnen;§ 303 StGB;Sachbeschädigung;SPD
331;21.02.2020;Bamberg;0;Links;§ 242 StGB;Diebstahl;AfD
332;21.02.2020;Hamburg;0;Rechts;§ 303 StGB;Sachbeschädigung;Die Linke
333;22.02.2020;Ahorn;0;Nicht zuzuordnen;§ 303 StGB;Sachbeschädigung;Sonstige Partei
334;22.02.2020;Ahorn;0;Nicht zuzuordnen;§ 303 StGB;Sachbeschädigung;CSU
335;22.02.2020;Möhrendorf;0;Nicht zuzuordnen;§ 303 StGB;Sachbeschädigung;CSU
336;22.02.2020;Aying;0;Links;§ 303 StGB;Sachbeschädigung;AfD
337;22.02.2020;Zirndorf;0;Links;§ 303 StGB;Sachbeschädigung;AfD
338;22.02.2020;Krailling;0;Links;§ 303 StGB;Sachbeschädigung;AfD
339;22.02.2020;Nürnberg;0;Nicht zuzuordnen;§ 303 StGB;Sachbeschädigung;Die Linke
340;22.02.2020;Bad Aibling;0;Nicht zuzuordnen;§ 303 StGB;Sachbeschädigung;keine Angabe
341;22.02.2020;München;1;Nicht zuzuordnen;§ 303 StGB;Sachbeschädigung;Die Linke
342;22.02.2020;München;1;Rechts;§ 86a StGB;Volksverhetzung;SPD
343;22.02.2020;München;1;Nicht zuzuordnen;§ 303 StGB;Sachbeschädigung;Die Linke
344;22.02.2020;Poing;0;Nicht zuzuordnen;§ 303 StGB;Sachbeschädigung;SPD
345;22.02.2020;Landsberg;1;Links;§ 303 StGB;Sachbeschädigung;AfD
346;22.02.2020;Eggenfelden;1;Links;§ 303 StGB;Sachbeschädigung;AfD
347;22.02.2020;Dasing;0;Nicht zuzuordnen;§ 242 StGB;Diebstahl;AfD
348;22.02.2020;Regensburg;0;Links;§ 303 StGB;Sachbeschädigung;AfD
349;22.02.2020;München;1;Nicht zuzuordnen;§ 303 StGB;Sachbeschädigung;Sonstige Partei
350;22.02.2020;Kempten;0;Links;§ 303 StGB;Sachbeschädigung;AfD
351;22.02.2020;München;1;Nicht zuzuordnen;§ 303 StGB;Sachbeschädigung;AfD
352;23.02.2020;Schierling;0;Links;§ 303 StGB;Sachbeschädigung;Sonstige Partei
353;23.02.2020;Aying;0;Links;§ 303 StGB;Sachbeschädigung;AfD
354;23.02.2020;Rennertshofen;0;Rechts;§ 86a StGB;Volksverhetzung;CSU
355;23.02.2020;Nürnberg;0;Nicht zuzuordnen;§ 303 StGB;Sachbeschädigung;Die Linke
356;23.02.2020;Veitsbronn;0;Nicht zuzuordnen;§ 242 StGB;Diebstahl;SPD
357;23.02.2020;Schmidgaden;0;Nicht zuzuordnen;§ 303 StGB;Sachbeschädigung;Sonstige Partei
358;23.02.2020;Eichenau;0;Nicht zuzuordnen;§ 303 StGB;Sachbeschädigung;CSU
359;23.02.2020;Freystadt;0;Links;§ 185 StGB;Beleidigung;CSU
360;24.02.2020;Wörth;0;Nicht zuzuordnen;§ 303 StGB;Sachbeschädigung;Bündnis 90/Die Grünen, SPD
361;24.02.2020;Großwallstadt;0;Nicht zuzuordnen;§ 303 StGB;Sachbeschädigung;Sonstige Partei
362;24.02.2020;Arzberg;0;Nicht zuzuordnen;§ 303 StGB;Sachbeschädigung;Sonstige Partei
363;24.02.2020;Unterschleißheim;0;Links;§ 303 StGB;Sachbeschädigung;Bündnis 90/Die Grünen, AfD
364;24.02.2020;Unterschleißheim;0;Links;§ 303 StGB;Sachbeschädigung;AfD
365;24.02.2020;Bad Aibling;0;Nicht zuzuordnen;§ 303 StGB;Sachbeschädigung;Bündnis 90/Die Grünen
366;24.02.2020;Krailling;0;Nicht zuzuordnen;§ 242 StGB;Diebstahl;Sonstige Partei
367;24.02.2020;Weilheim;3;Nicht zuzuordnen;§ 303 StGB;Sachbeschädigung;AfD
368;24.02.2020;Bamberg;0;Links;§ 303 StGB;Sachbeschädigung;CSU
369;24.02.2020;Nürnberg;0;Nicht zuzuordnen;§ 303 StGB;Sachbeschädigung;Die Linke
370;24.02.2020;Schonungen;0;Nicht zuzuordnen;§ 303 StGB;Sachbeschädigung;CSU
371;24.02.2020;Neustadt;0;Links;§ 242 StGB;Diebstahl;AfD
372;24.02.2020;Hergensweiler;0;Links;§ 303 StGB;Sachbeschädigung;AfD
373;24.02.2020;Motten;0;Rechts;§ 303 StGB;Sachbeschädigung;Bündnis 90/Die Grünen
374;24.02.2020;Hamburg;0;Links;§ 242 StGB;Diebstahl;AfD
375;24.02.2020;Bautzen;0;Rechts;§ 242 StGB;Diebstahl;Die Linke
376;25.02.2020;Weilbach;0;Nicht zuzuordnen;§ 303 StGB;Sachbeschädigung;Sonstige Partei
377;25.02.2020;Prien;0;Nicht zuzuordnen;§ 303 StGB;Sachbeschädigung;AfD
378;25.02.2020;Bruckmühl;0;Nicht zuzuordnen;§ 303 StGB;Sachbeschädigung;Die Linke
379;25.02.2020;Waiting;0;Nicht zuzuordnen;§ 303 StGB;Sachbeschädigung;Bündnis 90/Die Grünen
380;25.02.2020;Geretsried;1;Links;§ 303 StGB;Sachbeschädigung;AfD
381;25.02.2020;Nürnberg;0;Nicht zuzuordnen;§ 303 StGB;Sachbeschädigung;Die Linke
382;25.02.2020;Sandberg;0;Nicht zuzuordnen;§ 303 StGB;Sachbeschädigung;SPD
383;25.02.2020;Lohr;0;Links;§ 303 StGB;Sachbeschädigung;AfD
384;26.02.2020;Weilheim;0;Nicht zuzuordnen;§ 304 StGB;Gemeinschädliche Sachbeschädigung;Bündnis 90/Die Grünen
385;26.02.2020;Aying;0;Links;§ 303 StGB;Sachbeschädigung;AfD
386;26.02.2020;Bad Wörishofen;0;Nicht zuzuordnen;§ 242 StGB;Diebstahl;keine Angabe
387;26.02.2020;Nürnberg;0;Links;§ 303 StGB;Sachbeschädigung;Sonstige Partei
388;26.02.2020;Nürnberg;0;Nicht zuzuordnen;§ 303 StGB;Sachbeschädigung;CSU
389;26.02.2020;Weißensberg;0;Links;§ 242 StGB;Diebstahl;AfD
390;26.02.2020;Nürnberg;0;Links;§ 303 StGB;Sachbeschädigung;Sonstige Partei
391;26.02.2020;Bad Kissingen;0;Links;§ 303 StGB;Sachbeschädigung;AfD
392;26.02.2020;Neufahrn;0;Nicht zuzuordnen;§ 242 StGB;Diebstahl;AfD
393;26.02.2020;Nittendorf;0;Links;§ 303 StGB;Sachbeschädigung;AfD
394;26.02.2020;Nürnberg;0;Links;§ 303 StGB;Sachbeschädigung;AfD
395;26.02.2020;Hamburg;0;Links;§ 86a StGB;Volksverhetzung;AfD
396;27.02.2020;Krailling;0;Nicht zuzuordnen;§ 242 StGB;Diebstahl;Sonstige Partei
397;27.02.2020;Nürnberg;0;Nicht zuzuordnen;§ 303 StGB;Sachbeschädigung;Die Linke
398;27.02.2020;Aschau;0;Nicht zuzuordnen;§ 303 StGB;Sachbeschädigung;Sonstige Partei
399;27.02.2020;Schönsee;0;Nicht zuzuordnen;§ 303 StGB;Sachbeschädigung;Sonstige Partei
400;27.02.2020;Emmering;0;Rechts;§ 86a StGB;Volksverhetzung;Die Linke
401;27.02.2020;Ebern;0;Nicht zuzuordnen;§ 303 StGB;Sachbeschädigung;keine Angabe
402;27.02.2020;Hameln;0;Rechts;§ 303 StGB;Sachbeschädigung;Bündnis 90/Die Grünen
403;28.02.2020;Schwandorf;0;Nicht zuzuordnen;§ 242 StGB;Diebstahl;Sonstige Partei
404;28.02.2020;Aschau;0;Nicht zuzuordnen;§ 303 StGB;Sachbeschädigung;Sonstige Partei
405;28.02.2020;Aying;0;Links;§ 303 StGB;Sachbeschädigung;AfD
406;28.02.2020;Veitshöchheim;3;Links;§ 242 StGB;Diebstahl;AfD
407;28.02.2020;Hamburg;1;Links;§ 303 StGB;Sachbeschädigung;AfD
408;29.02.2020;Nürnberg;0;Nicht zuzuordnen;§ 303 StGB;Sachbeschädigung;Die Linke
409;29.02.2020;Weyarn;0;Nicht zuzuordnen;§ 303 StGB;Sachbeschädigung;Sonstige Partei
410;29.02.2020;Marktschorgast;0;Nicht zuzuordnen;§ 303 StGB;Sachbeschädigung;Sonstige Partei
411;29.02.2020;Schwarzenfeld;0;Nicht zuzuordnen;§ 303 StGB;Sachbeschädigung;CSU
412;29.02.2020;Kempten;0;Nicht zuzuordnen;§ 303 StGB;Sachbeschädigung;CSU
413;29.02.2020;Petershausen;0;Nicht zuzuordnen;§ 303 StGB;Sachbeschädigung;SPD
414;29.02.2020;Leipzig;0;Nicht zuzuordnen;§ 303 StGB;Sachbeschädigung;CDU
415;01.03.2020;Memmingen;0;Nicht zuzuordnen;§ 303 StGB;Sachbeschädigung;SPD
416;01.03.2020;Egling;0;Rechts;§ 86a StGB;Volksverhetzung;Sonstige Partei
417;01.03.2020;Wenzenbach;0;Links;§ 303 StGB;Sachbeschädigung;AfD
418;01.03.2020;Hagelstadt;0;Nicht zuzuordnen;§ 303 StGB;Sachbeschädigung;Sonstige Partei
419;01.03.2020;Gilching;0;Nicht zuzuordnen;§ 303 StGB;Sachbeschädigung;CSU
420;01.03.2020;Dießen;0;Rechts;§ 86a StGB;Volksverhetzung;Bündnis 90/Die Grünen
421;01.03.2020;Nürnberg;0;Nicht zuzuordnen;§ 303 StGB;Sachbeschädigung;Die Linke
422;01.03.2020;Bad Aibling;0;Nicht zuzuordnen;§ 303 StGB;Sachbeschädigung;AfD
423;01.03.2020;Schierling;0;Nicht zuzuordnen;§ 303 StGB;Sachbeschädigung;Sonstige Partei
424;01.03.2020;München;0;Nicht zuzuordnen;§ 303 StGB;Sachbeschädigung;AfD
425;01.03.2020;Nürnberg;1;Nicht zuzuordnen;§ 303 StGB;Sachbeschädigung;Sonstige Partei
426;01.03.2020;München;0;Links;§ 303 StGB;Sachbeschädigung;CSU
427;01.03.2020;Aying;0;Links;§ 303 StGB;Sachbeschädigung;AfD
428;01.03.2020;Möhrendorf;0;Rechts;§ 303 StGB;Sachbeschädigung;Bündnis 90/Die Grünen
429;01.03.2020;Planegg;0;Nicht zuzuordnen;§ 242 StGB;Diebstahl;AfD
430;01.03.2020;Nürnberg;0;Links;§ 242 StGB;Diebstahl;AfD
431;01.03.2020;Nürnberg;0;Links;§ 303 StGB;Sachbeschädigung;AfD
432;01.03.2020;Tirschenreuth;0;Nicht zuzuordnen;§ 303 StGB;Sachbeschädigung;CSU
433;02.03.2020;Würzburg;0;Links;§ 303 StGB;Sachbeschädigung;CSU
434;02.03.2020;Nürnberg;0;Nicht zuzuordnen;§ 303 StGB;Sachbeschädigung;Die Linke
435;02.03.2020;Seefeld;0;Rechts;§ 86a StGB;Volksverhetzung;Sonstige Partei
436;02.03.2020;Seefeld;0;Rechts;§ 86a StGB;Volksverhetzung;CSU
437;02.03.2020;München;0;Nicht zuzuordnen;§ 303 StGB;Sachbeschädigung;Sonstige Partei
438;02.03.2020;Ansbach;0;Links;§ 303 StGB;Sachbeschädigung;AfD
439;02.03.2020;Wiesau;0;Nicht zuzuordnen;§ 303 StGB;Sachbeschädigung;CSU
440;02.03.2020;Schwabach;0;Links;§ 303 StGB;Sachbeschädigung;Sonstige Partei
441;02.03.2020;Neuburg;0;Nicht zuzuordnen;§ 303 StGB;Sachbeschädigung;SPD
442;02.03.2020;Neuburg;0;Links;§ 303 StGB;Sachbeschädigung;AfD
443;02.03.2020;Nüdlingen;0;Nicht zuzuordnen;§ 303 StGB;Sachbeschädigung;Sonstige Partei
444;02.03.2020;Hallstadt;0;Nicht zuzuordnen;§ 303 StGB;Sachbeschädigung;SPD
445;02.03.2020;Lonnerstadt;0;Nicht zuzuordnen;§ 303 StGB;Sachbeschädigung;CSU
446;03.03.2020;Brandenburg;2;Links;§ 243 StGB;Besonders schwerer Fall des Diebstahls;AfD
447;03.03.2020;Erlangen;0;Nicht zuzuordnen;§ 303 StGB;Sachbeschädigung;Die Linke
448;03.03.2020;Nürnberg;2;Links;§ 303 StGB;Sachbeschädigung;AfD
449;03.03.2020;Nürnberg;0;Rechts;§ 303 StGB;Sachbeschädigung;Die Linke
450;03.03.2020;Schweinfurt;0;Nicht zuzuordnen;§ 303 StGB;Sachbeschädigung;CSU
451;03.03.2020;Schweinfurt;0;Nicht zuzuordnen;§ 303 StGB;Sachbeschädigung;CSU
452;03.03.2020;München;0;Links;§ 303 StGB;Sachbeschädigung;SPD
453;03.03.2020;Planegg;0;Links;§ 243 StGB;Besonders schwerer Fall des Diebstahls;Bündnis 90/Die Grünen
454;03.03.2020;Bamberg;0;Nicht zuzuordnen;§ 303 StGB;Sachbeschädigung;CSU, Sonstige Partei, SPD
455;04.03.2020;Memmingen;0;Nicht zuzuordnen;§ 303 StGB;Sachbeschädigung;Sonstige Partei
456;04.03.2020;Ingolstadt;0;Nicht zuzuordnen;§ 242 StGB;Diebstahl;AfD
457;04.03.2020;Unterhaching;0;Links;§ 303 StGB;Sachbeschädigung;AfD
458;04.03.2020;Lindau;1;Rechts;§ 242 StGB;Diebstahl;Bündnis 90/Die Grünen
459;04.03.2020;Dießen;0;Links;§ 242 StGB;Diebstahl;AfD
460;04.03.2020;München;0;Nicht zuzuordnen;§ 241 StGB;Bedrohung;keine Angabe
461;05.03.2020;Leupoldsgrün;0;Nicht zuzuordnen;§ 303 StGB;Sachbeschädigung;FDP
462;05.03.2020;Schierling;0;Nicht zuzuordnen;§ 303 StGB;Sachbeschädigung;Sonstige Partei
463;05.03.2020;Nürnberg;0;Rechts;§ 303 StGB;Sachbeschädigung;Die Linke
464;05.03.2020;Planegg;0;Nicht zuzuordnen;§ 243 StGB;Besonders schwerer Fall des Diebstahls;Bündnis 90/Die Grünen
465;05.03.2020;Würzburg;0;Nicht zuzuordnen;§ 303 StGB;Sachbeschädigung;Sonstige Partei
466;06.03.2020;Nürnberg;0;Rechts;§ 303 StGB;Sachbeschädigung;Die Linke
467;06.03.2020;Lindau;0;Links;§ 303 StGB;Sachbeschädigung;AfD
468;06.03.2020;München;0;Links;§ 303 StGB;Sachbeschädigung;AfD
469;06.03.2020;München;0;Links;§ 303 StGB;Sachbeschädigung;AfD
470;06.03.2020;Freising;0;Nicht zuzuordnen;§ 303 StGB;Sachbeschädigung;CSU
471;06.03.2020;Bamberg;0;Rechts;§ 86a StGB;Volksverhetzung;CSU
472;06.03.2020;Bamberg;0;Links;§ 303 StGB;Sachbeschädigung;CSU
473;06.03.2020;Bamberg;0;Links;§ 303 StGB;Sachbeschädigung;AfD
474;06.03.2020;Bamberg;0;Links;§ 303 StGB;Sachbeschädigung;CSU
475;06.03.2020;Prien;0;Nicht zuzuordnen;§ 242 StGB;Diebstahl;Bündnis 90/Die Grünen
476;06.03.2020;Bamberg;0;Nicht zuzuordnen;§ 303 StGB;Sachbeschädigung;CSU
477;06.03.2020;Hameln;0;Rechts;§ 303 StGB;Sachbeschädigung;SPD
478;07.03.2020;Landsberg;0;Links;§ 242 StGB;Diebstahl;AfD
479;07.03.2020;Augsburg;0;Rechts;§ 86a StGB;Volksverhetzung;FDP
480;07.03.2020;Nürnberg;0;Rechts;§ 303 StGB;Sachbeschädigung;Die Linke
481;07.03.2020;Kaufbeuren;0;Rechts;§ 86a StGB;Volksverhetzung;CSU
482;07.03.2020;Unterschleißheim;1;Links;§ 303 StGB;Sachbeschädigung;AfD
483;07.03.2020;Bad Windsheim;0;Nicht zuzuordnen;§ 86a StGB;Volksverhetzung;CSU
484;07.03.2020;München;0;Links;§ 303 StGB;Sachbeschädigung;AfD
485;08.03.2020;Wolfratshausen;0;Nicht zuzuordnen;§ 303 StGB;Sachbeschädigung;Die Linke
486;08.03.2020;Weilheim;0;Nicht zuzuordnen;§ 303 StGB;Sachbeschädigung;Bündnis 90/Die Grünen
487;08.03.2020;Nürnberg;0;Rechts;§ 303 StGB;Sachbeschädigung;Die Linke
488;08.03.2020;München;0;Links;§ 303 StGB;Sachbeschädigung;AfD
489;08.03.2020;Aying;0;Links;§ 303 StGB;Sachbeschädigung;AfD
490;08.03.2020;Uehlfeld;0;Nicht zuzuordnen;§ 303 StGB;Sachbeschädigung;CSU
491;08.03.2020;Garching;0;Nicht zuzuordnen;§ 303 StGB;Sachbeschädigung;AfD
492;08.03.2020;Garching;3;Nicht zuzuordnen;§ 303 StGB;Sachbeschädigung;AfD
493;08.03.2020;Marktbergei;0;Links;§ 303 StGB;Sachbeschädigung;CSU
494;08.03.2020;Bamberg;0;Nicht zuzuordnen;§ 242 StGB;Diebstahl;CSU
495;09.03.2020;Mittenwald;0;Nicht zuzuordnen;§ 242 StGB;Diebstahl;CSU
496;09.03.2020;Bad Steben;0;Nicht zuzuordnen;§ 303 StGB;Sachbeschädigung;CSU
497;09.03.2020;Nürnberg;0;Rechts;§ 303 StGB;Sachbeschädigung;Die Linke
498;09.03.2020;Theilheim;0;Rechts;§ 86a StGB;Volksverhetzung;Sonstige Partei
499;10.03.2020;Ansbach;0;Nicht zuzuordnen;§ 303 StGB;Sachbeschädigung;Sonstige Partei
500;10.03.2020;Nürnberg;0;Rechts;§ 303 StGB;Sachbeschädigung;Die Linke
501;10.03.2020;Nürnberg;0;Links;§ 303 StGB;Sachbeschädigung;AfD
502;10.03.2020;Kemnath;0;Rechts;§ 86a StGB;Volksverhetzung;SPD
503;11.03.2020;Nürnberg;0;Rechts;§ 303 StGB;Sachbeschädigung;Die Linke
504;11.03.2020;Freystadt;0;Nicht zuzuordnen;§ 185 StGB;Beleidigung;CSU
505;11.03.2020;Gelsenkirchen;0;Ausländische Ideologie;§ 303 StGB;Sachbeschädigung;Sonstige Partei
506;12.03.2020;Nürnberg;0;Religiöse Ideologie;§ 303 StGB;Sachbeschädigung;Die Linke
507;12.03.2020;Gochsheim;0;Rechts;§ 86a StGB;Volksverhetzung;SPD
508;12.03.2020;Aying;0;Links;§ 243 StGB;Besonders schwerer Fall des Diebstahls;AfD
509;12.03.2020;Fürstenfeldbruck;0;Rechts;§ 303 StGB;Sachbeschädigung;FDP
510;12.03.2020;Kempten;1;Links;§ 303 StGB;Sachbeschädigung;AfD
511;12.03.2020;Taucha;0;Links;§ 242 StGB;Diebstahl;AfD
512;13.03.2020;Füssen;0;Links;§ 303 StGB;Sachbeschädigung;AfD
513;13.03.2020;München;0;Rechts;§ 130 StGB;Volksverhetzung;Sonstige Partei
514;13.03.2020;Schwarzenfeld;0;Nicht zuzuordnen;§ 303 StGB;Sachbeschädigung;CSU
515;14.03.2020;Alzenau;0;Nicht zuzuordnen;§ 303 StGB;Sachbeschädigung;CSU
516;14.03.2020;Moosburg;0;Links;§ 242 StGB;Diebstahl;AfD
517;14.03.2020;Bamberg;0;Rechts;§ 303 StGB;Sachbeschädigung;Sonstige Partei
518;15.03.2020;Pilsach;0;Nicht zuzuordnen;§ 303 StGB;Sachbeschädigung;CSU
519;15.03.2020;München;0;Links;§ 86a StGB;Volksverhetzung;AfD
520;15.03.2020;München;0;Nicht zuzuordnen;§ 303 StGB;Sachbeschädigung;Die Linke
521;15.03.2020;Grafing;1;Nicht zuzuordnen;§ 303 StGB;Sachbeschädigung;CSU
522;15.03.2020;Memmingen;0;Nicht zuzuordnen;§ 303 StGB;Sachbeschädigung;Sonstige Partei, SPD
523;15.03.2020;Grafing;1;Nicht zuzuordnen;§ 303 StGB;Sachbeschädigung;Bündnis 90/Die Grünen, Die Linke, FDP
524;16.03.2020;Regensburg;0;Links;§ 303 StGB;Sachbeschädigung;AfD
525;16.03.2020;Regensburg;0;Links;§ 303 StGB;Sachbeschädigung;AfD
526;16.03.2020;Regensburg;0;Nicht zuzuordnen;§ 303 StGB;Sachbeschädigung;CSU
527;16.03.2020;Regensburg;0;Links;§ 303 StGB;Sachbeschädigung;AfD
528;16.03.2020;Landsberg;0;Links;§ 242 StGB;Diebstahl;AfD
529;17.03.2020;Aying;0;Links;§ 303 StGB;Sachbeschädigung;AfD
530;18.03.2020;Memmingen;2;Nicht zuzuordnen;§ 242 StGB;Diebstahl;SPD
531;18.03.2020;Lindau;0;Links;§ 241 StGB;Bedrohung;AfD
532;18.03.2020;Lindau;0;Links;§ 241 StGB;Bedrohung;AfD
