Gemeinderatswahl 2014 in Thüringen - endgültiges Ergebnis;;;;;
;;;;;
Übersicht zu den Bewerbern;;;;;
Gemeinde;Wahlvorschlag;Anzahl der Bewerber;;Gewählte Bewerber;
;;insgesamt;darunter weiblich;insgesamt;darunter weiblich
51000 Stadt Erfurt;CDU;50;10;12;2
52000 Stadt Gera;CDU;22;3;10;3
53000 Stadt Jena;CDU;46;13;10;3
54000 Stadt Suhl;CDU;32;6;9;1
55000 Stadt Weimar;CDU;42;9;10;2
56000 Stadt Eisenach;CDU;35;7;11;3
61001 Arenshausen;CDU;10;-;7;-
61003 Berlingerode;CDU;16;3;8;2
61012 Bodenrode-Westhausen;CDU;11;2;7;1
61015 Brehme;CDU;13;3;5;1
61017 Breitenworbis;CDU;15;2;9;1
61018 Büttstedt;CDU;11;-;8;-
61022 Deuna;CDU;9;-;7;-
61025 Dingelstädt, Stadt;CDU;16;3;10;-
61026 Ecklingerode;CDU;4;1;2;1
61027 Effelder;CDU;12;2;12;2
61031 Ferna;CDU;9;3;8;2
61032 Freienhagen;CDU;7;2;6;2
61034 Geisleden;CDU;10;1;3;1
61035 Geismar;CDU;13;1;7;1
61036 Gerbershausen;CDU;8;-;8;-
61037 Gernrode;CDU;15;2;7;1
61041 Großbartloff;CDU;9;3;8;3
61043 Hausen;CDU;7;-;6;-
61044 Haynrode;CDU;5;-;2;-
61045 Heilbad Heiligenstadt, Stadt;CDU;24;3;10;1
61047 Heuthen;CDU;9;3;6;1
61048 Hohengandern;CDU;8;1;5;1
61049 Hohes Kreuz;CDU;12;4;9;3
61052 Hundeshagen;CDU;11;1;5;-
61054 Kallmerode;CDU;5;1;3;-
61055 Kefferhausen;CDU;8;1;5;-
61056 Kella;CDU;8;2;6;2
61057 Kirchgandern;CDU;8;1;6;1
61059 Kleinbartloff;CDU;7;1;6;1
61061 Kreuzebra;CDU;8;-;5;-
61063 Küllstedt;CDU;13;3;8;1
61065 Lenterode;CDU;7;1;2;-
61067 Lutter;CDU;11;1;8;1
61068 Mackenrode;CDU;5;-;3;-
61069 Marth;CDU;5;3;2;1
61074 Niederorschel;CDU;20;2;7;1
61076 Reinholterode;CDU;10;1;8;1
61078 Rohrberg;CDU;8;2;4;1
61082 Rustenfelde;CDU;7;2;5;2
61087 Silberhausen;CDU;7;-;6;-
61089 Steinbach (EIC);CDU;7;1;5;-
61091 Steinheuterode;CDU;7;-;4;-
61094 Tastungen;CDU;3;-;2;-
61097 Uder;CDU;17;4;10;3
61101 Wachstedt;CDU;7;3;5;3
61107 Wingerode;CDU;13;-;10;-
61111 Wüstheuterode;CDU;9;3;4;1
61113 Schimberg;CDU;10;1;8;1
61114 Teistungen;CDU;19;-;10;-
61115 Leinefelde-Worbis, Stadt;CDU;23;5;14;2
61116 Am Ohmberg;CDU;16;1;10;1
61117 Sonnenstein;CDU;9;2;9;2
62002 Bleicherode, Stadt;CDU;19;6;12;6
62005 Ellrich, Stadt;CDU;20;4;6;-
62008 Görsbach;CDU;3;1;1;-
62009 Großlohra;CDU;4;-;3;-
62026 Kleinfurra;CDU;5;1;3;-
62036 Neustadt/Harz;CDU;11;3;7;2
62037 Niedergebra;CDU;8;3;5;2
62039 Nohra (NDH);CDU;3;1;1;-
62041 Nordhausen, Stadt;CDU;36;15;11;3
62049 Sollstedt;CDU;8;3;5;1
62054 Urbach;CDU;2;-;1;-
62063 Werther;CDU;16;2;6;-
62064 Heringen/Helme, Stadt;CDU;17;2;7;-
62065 Harztor;CDU;20;4;11;3
63003 Bad Salzungen, Stadt;CDU;20;6;6;-
63004 Barchfeld-Immelborn;CDU;17;5;4;2
63007 Berka/Werra, Stadt;CDU;10;1;5;-
63011 Buttlar;CDU;12;2;5;1
63013 Creuzburg, Stadt;CDU;7;-;7;-
63014 Dankmarshausen;CDU;16;4;7;-
63015 Dermbach;CDU;18;1;16;1
63023 Empfertshausen;CDU;4;-;2;-
63024 Ettenhausen a.d. Suhl;CDU;6;-;6;-
63032 Geisa, Stadt;CDU;18;1;15;1
63033 Gerstengrund;CDU;6;2;6;2
63051 Leimbach;CDU;7;-;2;-
63052 Marksuhl;CDU;4;-;2;-
63066 Ruhla, Stadt;CDU;17;2;7;1
63068 Schleid;CDU;15;1;12;1
63071 Seebach;CDU;23;7;10;1
63075 Tiefenort;CDU;14;4;7;2
63076 Treffurt, Stadt;CDU;20;7;7;2
63078 Unterbreizbach;CDU;29;5;6;2
63084 Weilar;CDU;4;-;2;-
63089 Wolfsburg-Unkeroda;CDU;8;4;3;1
63092 Wutha-Farnroda;CDU;11;-;5;-
63094 Moorgrund;CDU;16;2;9;2
63097 Gerstungen;CDU;15;-;5;-
63101 Krayenberggemeinde;CDU;10;2;8;2
63102 Kaltennordheim, Stadt;CDU;11;2;4;-
64001 Altengottern;CDU;12;2;7;1
64003 Bad Langensalza, Stadt;CDU;24;6;7;1
64004 Bad Tennstedt, Stadt;CDU;12;1;5;-
64005 Ballhausen;CDU;12;5;3;1
64014 Dünwald;CDU;12;2;9;2
64017 Flarchheim;CDU;6;-;6;-
64018 Großengottern;CDU;5;-;2;-
64022 Herbsleben;CDU;20;2;7;-
64037 Körner;CDU;6;1;3;-
64038 Kutzleben;CDU;7;1;5;1
64046 Mühlhausen/Thüringen, Stadt;CDU;25;7;7;2
64047 Mülverstedt;CDU;3;2;2;1
64052 Obermehler;CDU;10;3;5;1
64053 Oppershausen;CDU;5;2;1;1
64055 Rodeberg;CDU;20;5;10;1
64057 Schlotheim, Stadt;CDU;12;4;8;3
64058 Schönstedt;CDU;5;1;5;1
64065 Weberstedt;CDU;10;-;8;-
64066 Weinbergen;CDU;10;3;5;1
64071 Unstruttal;CDU;11;1;4;-
64072 Menteroda;CDU;9;4;2;1
64073 Anrode;CDU;16;1;11;1
64074 Südeichsfeld;CDU;20;3;11;1
65001 Abtsbessingen;CDU;10;4;6;3
65002 Artern/Unstrut, Stadt;CDU;17;3;9;2
65003 Bad Frankenhausen/Kyffhäuser, Stadt;CDU;19;7;6;1
65012 Clingen, Stadt;CDU;11;1;10;1
65014 Ebeleben, Stadt;CDU;8;1;2;-
65023 Greußen, Stadt;CDU;13;2;5;1
65032 Helbedündorf;CDU;13;1;8;1
65033 Heldrungen, Stadt;CDU;9;3;4;1
65039 Ichstedt;CDU;7;-;3;-
65048 Niederbösa;CDU;7;1;4;1
65052 Oberheldrungen;CDU;9;3;2;1
65054 Oldisleben;CDU;10;1;5;-
65056 Reinsdorf;CDU;3;1;3;1
65057 Ringleben (KYF);CDU;3;-;2;-
65061 Roßleben;CDU;14;3;5;-
65067 Sondershausen, Stadt;CDU;23;6;8;2
65076 Voigtstedt;CDU;6;1;2;-
65077 Wasserthaleben;CDU;6;-;6;-
65081 Wiehe, Stadt;CDU;14;6;7;3
65084 Großenehrich, Stadt;CDU;15;8;8;5
66013 Breitungen/Werra;CDU;20;3;5;-
66015 Christes;CDU;4;-;4;-
66017 Einhausen;CDU;1;-;-;-
66018 Ellingshausen;CDU;7;1;4;1
66022 Fambach;CDU;10;4;6;1
66023 Floh-Seligenthal;CDU;19;3;9;2
66035 Kaltensundheim;CDU;7;-;5;-
66039 Leutersdorf;CDU;6;-;4;-
66042 Meiningen, Stadt;CDU;22;7;7;1
66045 Neubrunn;CDU;6;2;3;-
66049 Obermaßfeld-Grimmenthal;CDU;1;1;1;1
66051 Oberschönau, Kurort;CDU;8;3;3;-
66058 Rohr;CDU;8;3;5;-
66059 Rosa;CDU;12;2;8;1
66061 Roßdorf;CDU;11;2;8;1
66062 Rotterode;CDU;9;2;5;1
66063 Schmalkalden, Kurort, Stadt;CDU;24;6;6;1
66064 Schwallungen;CDU;16;6;8;2
66069 Steinbach-Hallenberg, Kurort, Stadt;CDU;20;2;10;2
66073 Sülzfeld;CDU;3;-;1;-
66074 Brotterode-Trusetal, Stadt;CDU;20;4;6;1
66075 Unterkatz;CDU;4;2;4;2
66077 Unterschönau;CDU;5;2;5;2
66081 Vachdorf;CDU;5;2;3;1
66082 Viernau;CDU;16;2;6;1
66085 Walldorf;CDU;18;2;5;1
66086 Wasungen, Stadt;CDU;13;2;6;1
66092 Zella-Mehlis, Stadt;CDU;12;4;6;2
66093 Rhönblick;CDU;6;1;1;-
66094 Grabfeld;CDU;15;2;10;2
67003 Ballstädt;CDU;4;-;4;-
67004 Bienstädt;CDU;12;1;8;1
67008 Crawinkel;CDU;12;3;6;2
67011 Döllstädt;CDU;10;3;3;1
67013 Emleben;CDU;9;2;4;-
67016 Eschenbergen;CDU;13;2;5;2
67019 Friedrichroda, Stadt;CDU;16;2;9;1
67022 Friemar;CDU;11;3;7;2
67025 Georgenthal/Thür. Wald;CDU;8;-;5;-
67026 Gierstädt;CDU;9;1;6;-
67029 Gotha, Stadt;CDU;25;6;8;2
67036 Herrenhof;CDU;7;1;7;1
67039 Hohenkirchen;CDU;8;1;6;1
67044 Luisenthal;CDU;6;1;3;-
67047 Molschleben;CDU;12;-;8;-
67053 Ohrdruf, Stadt;CDU;17;6;9;4
67059 Schwabhausen;CDU;7;1;5;-
67063 Sonneborn;CDU;6;-;4;-
67065 Tambach-Dietharz/Thür. Wald, Stadt;CDU;7;1;3;-
67067 Tonna;CDU;22;5;9;-
67071 Tüttleben;CDU;6;3;5;2
67072 Waltershausen, Stadt;CDU;15;6;7;3
67081 Wölfis;CDU;6;-;4;-
67082 Zimmernsupra;CDU;6;-;1;-
67083 Leinatal;CDU;18;3;9;1
67085 Günthersleben-Wechmar;CDU;13;3;6;-
67086 Drei Gleichen;CDU;20;3;9;1
67087 Nesse-Apfelstädt;CDU;20;2;6;1
67088 Hörsel;CDU;20;3;8;2
68002 Andisleben;CDU;3;1;2;-
68004 Bilzingsleben;CDU;6;1;5;1
68006 Buttstädt, Stadt;CDU;11;-;6;-
68007 Eckstedt;CDU;9;3;8;3
68009 Elxleben (SÖM);CDU;13;2;8;2
68012 Frömmstedt;CDU;8;2;5;2
68014 Gebesee, Stadt;CDU;3;1;3;1
68021 Großrudestedt;CDU;12;4;5;2
68033 Kleinneuhausen;CDU;7;1;6;1
68034 Kölleda, Stadt;CDU;16;4;6;1
68036 Markvippach;CDU;7;2;3;-
68037 Nöda;CDU;10;1;5;-
68041 Ostramondra;CDU;3;2;1;1
68042 Rastenberg, Stadt;CDU;10;2;6;1
68045 Ringleben (SÖM);CDU;9;-;6;-
68048 Schloßvippach;CDU;10;3;3;-
68051 Sömmerda, Stadt;CDU;24;1;7;-
68053 Straußfurt;CDU;13;5;5;2
68057 Walschleben;CDU;17;5;7;-
68058 Weißensee, Stadt;CDU;18;4;10;2
68061 Witterda;CDU;9;-;7;-
68062 Wundersleben;CDU;8;1;8;1
69012 Eisfeld, Stadt;CDU;11;2;3;1
69019 Hellingen;CDU;5;1;4;-
69024 Hildburghausen, Stadt;CDU;24;5;9;1
69039 Sachsenbrunn;CDU;11;8;2;2
69042 Schleusegrund;CDU;14;3;5;2
69043 Schleusingen, Stadt;CDU;20;5;10;2
69053 Veilsdorf;CDU;3;-;1;-
69058 Auengrund;CDU;6;-;2;-
69059 Nahetal-Waldau;CDU;6;3;3;1
69061 Masserberg;CDU;8;4;3;2
70004 Arnstadt, Stadt;CDU;24;9;5;1
70005 Böhlen;CDU;11;2;8;1
70013 Elxleben (IK);CDU;7;3;5;1
70018 Gehren, Stadt;CDU;15;4;4;2
70019 Geraberg;CDU;4;1;2;-
70021 Geschwenda;CDU;7;-;3;-
70023 Gossel;CDU;6;1;3;1
70024 Gräfenroda;CDU;14;1;7;1
70025 Großbreitenbach, Stadt;CDU;8;-;4;-
70027 Herschdorf;CDU;3;-;1;-
70028 Amt Wachsenburg;CDU;20;3;8;1
70029 Ilmenau, Stadt;CDU;26;6;10;1
70032 Langewiesen, Stadt;CDU;10;1;4;1
70033 Liebenstein;CDU;2;-;2;-
70034 Martinroda (IK);CDU;4;1;1;-
70038 Neustadt am Rennsteig;CDU;7;1;3;-
70041 Osthausen-Wülfershausen;CDU;5;1;2;-
70043 Plaue, Stadt;CDU;9;2;7;1
70044 Rockhausen;CDU;8;2;6;2
70046 Schmiedefeld am Rennsteig;CDU;3;1;2;1
70048 Stadtilm, Stadt;CDU;11;2;6;1
70049 Stützerbach;CDU;1;-;1;-
70053 Wipfratal;CDU;9;1;5;-
70054 Witzleben;CDU;8;3;5;2
70055 Wolfsberg;CDU;14;1;11;1
71001 Apolda, Stadt;CDU;30;4;11;1
71003 Bad Berka, Stadt;CDU;18;1;5;-
71004 Bad Sulza, Stadt;CDU;13;3;6;-
71008 Blankenhain, Stadt;CDU;19;5;8;2
71011 Buttelstedt, Stadt;CDU;5;-;4;-
71012 Daasdorf a. Berge;CDU;1;-;1;-
71015 Eberstedt;CDU;6;2;5;2
71017 Ettersburg;CDU;3;-;1;-
71022 Großheringen;CDU;8;3;7;3
71023 Großobringen;CDU;6;-;3;-
71025 Großschwabhausen;CDU;10;4;4;-
71034 Hopfgarten;CDU;3;-;2;-
71036 Isseroda;CDU;6;-;3;-
71043 Klettbach;CDU;11;2;5;2
71044 Ködderitzsch;CDU;7;1;6;1
71046 Kranichfeld, Stadt;CDU;15;4;5;1
71053 Magdala, Stadt;CDU;9;2;6;-
71056 Mellingen;CDU;10;1;7;1
71064 Niedertrebra;CDU;5;-;2;-
71065 Niederzimmern;CDU;10;2;7;2
71067 Nohra (AP);CDU;2;-;1;-
71087 Tonndorf;CDU;10;2;3;-
71088 Troistedt;CDU;4;1;2;-
71089 Umpferstedt;CDU;9;3;3;-
71099 Saaleplatte;CDU;2;-;2;-
71101 Ilmtal-Weinstraße;CDU;19;3;6;2
72005 Föritz;CDU;10;1;6;-
72009 Judenbach;CDU;10;3;8;3
72011 Lauscha, Stadt;CDU;5;1;3;1
72013 Neuhaus am Rennweg, Stadt;CDU;15;3;6;1
72014 Neuhaus-Schierschnitz;CDU;19;4;9;2
72015 Schalkau, Stadt;CDU;17;4;8;1
72018 Sonneberg, Stadt;CDU;25;4;13;2
72019 Steinach, Stadt;CDU;10;2;4;-
72023 Frankenblick;CDU;18;1;7;1
73002 Altenbeuthen;CDU;5;1;5;1
73005 Bad Blankenburg, Stadt;CDU;16;3;7;1
73028 Gräfenthal, Stadt;CDU;4;2;3;2
73036 Kamsdorf;CDU;10;1;5;-
73038 Kaulsdorf;CDU;14;3;8;1
73046 Lehesten, Stadt;CDU;3;-;1;-
73049 Lichte;CDU;7;3;7;3
73054 Mellenbach-Glasbach;CDU;11;2;3;-
73056 Meuselbach-Schwarzmühle;CDU;3;-;2;-
73066 Piesau;CDU;8;1;3;-
73067 Probstzella;CDU;3;-;2;-
73076 Rudolstadt, Stadt;CDU;17;2;7;-
73077 Saalfeld/Saale, Stadt;CDU;30;3;10;1
73079 Schmiedefeld;CDU;4;1;4;1
73084 Sitzendorf;CDU;3;-;1;-
73105 Remda-Teichel;CDU;10;5;5;3
73106 Leutenberg, Stadt;CDU;8;3;5;2
73109 Uhlstädt-Kirchhasel;CDU;16;3;7;1
73111 Unterwellenborn;CDU;20;3;7;1
74003 Bad Klosterlausnitz;CDU;14;5;6;2
74005 Bobeck;CDU;2;-;2;-
74008 Bucha (SHK);CDU;3;-;2;-
74009 Bürgel, Stadt;CDU;11;2;7;1
74011 Dornburg-Camburg, Stadt;CDU;17;4;11;3
74012 Crossen an der Elster;CDU;9;1;4;1
74016 Eichenberg (SHK);CDU;5;2;2;-
74018 Eisenberg, Stadt;CDU;18;5;7;1
74024 Gneus;CDU;7;2;6;2
74025 Gösen;CDU;6;2;6;2
74032 Großlöbichau;CDU;8;2;5;1
74039 Heideland;CDU;9;1;6;1
74041 Hermsdorf, Stadt;CDU;14;3;5;1
74042 Hummelshain;CDU;8;3;8;3
74044 Kahla, Stadt;CDU;11;3;5;1
74052 Lindig;CDU;4;3;2;1
74057 Milda;CDU;11;4;5;1
74065 Orlamünde, Stadt;CDU;3;-;2;-
74066 Ottendorf;CDU;6;3;6;3
74072 Rauda;CDU;12;3;6;1
74094 Stadtroda, Stadt;CDU;12;6;6;4
74102 Trockenborn-Wolfersdorf;CDU;6;2;4;1
74103 Tröbnitz;CDU;6;-;6;-
74109 Weißenborn;CDU;4;-;3;-
74114 Zöllnitz;CDU;14;6;5;1
74116 Schkölen, Stadt;CDU;11;4;5;2
75003 Blankenberg;CDU;7;1;3;1
75006 Bodelwitz;CDU;10;2;8;1
75009 Burgk;CDU;3;1;2;-
75014 Dittersdorf;CDU;3;-;3;-
75033 Görkwitz;CDU;5;-;4;-
75035 Gössitz;CDU;3;-;1;-
75046 Hirschberg, Stadt;CDU;4;-;2;-
75048 Kirschkau;CDU;5;4;3;2
75054 Langenorla;CDU;5;1;1;-
75057 Lemnitz;CDU;6;-;3;-
75061 Linda b. Neustadt an der Orla;CDU;12;6;6;2
75062 Bad Lobenstein, Stadt;CDU;10;2;3;-
75068 Moßbach;CDU;2;-;1;-
75071 Neundorf (bei Lobenstein);CDU;7;3;5;1
75073 Neustadt an der Orla, Stadt;CDU;20;6;6;2
75074 Nimritz;CDU;3;-;2;-
75076 Oettersdorf;CDU;3;-;3;-
75077 Oppurg;CDU;12;3;7;1
75085 Pößneck, Stadt;CDU;7;1;4;1
75088 Ranis, Stadt;CDU;5;1;2;-
75098 Schleiz, Stadt;CDU;16;5;6;3
75099 Schmieritz;CDU;4;1;2;-
75116 Triptis, Stadt;CDU;13;-;2;-
75132 Tanna, Stadt;CDU;8;1;6;-
75134 Remptendorf;CDU;17;3;9;2
75135 Saalburg-Ebersdorf, Stadt;CDU;16;1;10;1
76003 Bad Köstritz, Stadt;CDU;16;2;9;-
76004 Berga/Elster, Stadt;CDU;10;2;5;1
76009 Braunichswalde;CDU;10;2;8;2
76022 Greiz, Stadt;CDU;22;9;8;3
76039 Langenwetzendorf;CDU;10;2;5;1
76041 Langenwolschendorf;CDU;13;4;5;1
76049 Münchenbernsdorf, Stadt;CDU;18;6;7;2
76061 Ronneburg, Stadt;CDU;20;6;10;4
76064 Saara (GRZ);CDU;6;1;2;-
76069 Seelingstädt;CDU;8;3;4;1
76079 Weida, Stadt;CDU;15;3;6;1
76084 Wünschendorf/Elster;CDU;5;3;1;-
76087 Zeulenroda-Triebes, Stadt;CDU;23;1;11;1
76088 Harth-Pöllnitz;CDU;6;-;3;-
76089 Kraftsdorf;CDU;7;1;3;-
76092 Auma-Weidatal, Stadt;CDU;14;3;7;3
76093 Mohlsdorf-Teichwolframsdorf;CDU;20;4;8;2
77001 Altenburg, Stadt;CDU;36;11;9;3
77005 Fockendorf;CDU;3;-;1;-
77012 Gößnitz, Stadt;CDU;3;-;2;-
77015 Haselbach;CDU;4;1;3;1
77028 Lucka, Stadt;CDU;10;4;4;1
77032 Meuselwitz, Stadt;CDU;17;7;7;3
77034 Monstab;CDU;3;-;2;-
77036 Nobitz;CDU;20;3;7;-
77039 Ponitz;CDU;13;4;8;2
77042 Rositz;CDU;9;2;6;1
77043 Schmölln, Stadt;CDU;24;3;7;1
77048 Treben;CDU;12;4;12;4
77052 Windischleuba;CDU;12;3;8;2
51000 Stadt Erfurt;DIE LINKE;50;17;11;6
52000 Stadt Gera;DIE LINKE;25;6;13;4
53000 Stadt Jena;DIE LINKE;30;12;11;7
54000 Stadt Suhl;DIE LINKE;25;7;12;5
55000 Stadt Weimar;DIE LINKE;19;6;8;3
56000 Stadt Eisenach;DIE LINKE;26;9;10;5
61019 Buhla;DIE LINKE;1;-;1;-
61025 Dingelstädt, Stadt;DIE LINKE;2;1;1;-
61045 Heilbad Heiligenstadt, Stadt;DIE LINKE;9;6;3;3
61114 Teistungen;DIE LINKE;1;-;1;-
61115 Leinefelde-Worbis, Stadt;DIE LINKE;7;3;3;1
62002 Bleicherode, Stadt;DIE LINKE;8;1;4;1
62005 Ellrich, Stadt;DIE LINKE;9;1;4;1
62041 Nordhausen, Stadt;DIE LINKE;22;10;8;3
62059 Wolkramshausen;DIE LINKE;1;1;-;-
62062 Hohenstein;DIE LINKE;2;-;2;-
62063 Werther;DIE LINKE;8;3;3;2
62064 Heringen/Helme, Stadt;DIE LINKE;1;-;1;-
63003 Bad Salzungen, Stadt;DIE LINKE;17;7;5;4
63032 Geisa, Stadt;DIE LINKE;1;-;1;-
63078 Unterbreizbach;DIE LINKE;12;4;2;-
63081 Urnshausen;DIE LINKE;2;-;2;-
63092 Wutha-Farnroda;DIE LINKE;3;1;3;1
63101 Krayenberggemeinde;DIE LINKE;8;1;3;-
63102 Kaltennordheim, Stadt;DIE LINKE;3;-;1;-
64003 Bad Langensalza, Stadt;DIE LINKE;8;4;5;2
64004 Bad Tennstedt, Stadt;DIE LINKE;8;4;4;1
64007 Blankenburg;DIE LINKE;2;1;1;-
64022 Herbsleben;DIE LINKE;10;9;3;3
64046 Mühlhausen/Thüringen, Stadt;DIE LINKE;17;5;7;3
64057 Schlotheim, Stadt;DIE LINKE;7;1;2;1
65002 Artern/Unstrut, Stadt;DIE LINKE;19;6;7;1
65003 Bad Frankenhausen/Kyffhäuser, Stadt;DIE LINKE;16;7;4;2
65012 Clingen, Stadt;DIE LINKE;4;2;2;1
65014 Ebeleben, Stadt;DIE LINKE;4;2;2;1
65022 Gorsleben;DIE LINKE;7;2;3;-
65023 Greußen, Stadt;DIE LINKE;5;1;2;-
65033 Heldrungen, Stadt;DIE LINKE;3;2;2;1
65039 Ichstedt;DIE LINKE;3;-;2;-
65054 Oldisleben;DIE LINKE;2;-;2;-
65056 Reinsdorf;DIE LINKE;2;-;1;-
65057 Ringleben (KYF);DIE LINKE;3;1;1;-
65061 Roßleben;DIE LINKE;4;1;2;-
65067 Sondershausen, Stadt;DIE LINKE;13;6;6;3
65084 Großenehrich, Stadt;DIE LINKE;2;-;1;-
66006 Benshausen;DIE LINKE;3;1;3;1
66017 Einhausen;DIE LINKE;1;1;-;-
66022 Fambach;DIE LINKE;1;-;1;-
66023 Floh-Seligenthal;DIE LINKE;3;-;2;-
66024 Frankenheim/Rhön;DIE LINKE;7;1;4;-
66042 Meiningen, Stadt;DIE LINKE;10;1;5;1
66045 Neubrunn;DIE LINKE;2;-;2;-
66063 Schmalkalden, Kurort, Stadt;DIE LINKE;11;5;4;2
66069 Steinbach-Hallenberg, Kurort, Stadt;DIE LINKE;3;1;3;1
66074 Brotterode-Trusetal, Stadt;DIE LINKE;7;3;3;2
66076 Untermaßfeld;DIE LINKE;2;1;1;1
66082 Viernau;DIE LINKE;9;2;4;1
66085 Walldorf;DIE LINKE;12;2;6;2
66086 Wasungen, Stadt;DIE LINKE;7;-;3;-
66092 Zella-Mehlis, Stadt;DIE LINKE;9;4;5;2
66093 Rhönblick;DIE LINKE;3;1;1;-
66094 Grabfeld;DIE LINKE;1;-;1;-
67009 Dachwig;DIE LINKE;2;-;1;-
67011 Döllstädt;DIE LINKE;5;-;1;-
67013 Emleben;DIE LINKE;2;1;1;1
67019 Friedrichroda, Stadt;DIE LINKE;5;2;3;1
67025 Georgenthal/Thür. Wald;DIE LINKE;3;1;1;1
67026 Gierstädt;DIE LINKE;2;1;2;1
67029 Gotha, Stadt;DIE LINKE;16;7;7;5
67033 Großfahner;DIE LINKE;3;-;2;-
67044 Luisenthal;DIE LINKE;3;1;2;1
67053 Ohrdruf, Stadt;DIE LINKE;5;2;3;1
67065 Tambach-Dietharz/Thür. Wald, Stadt;DIE LINKE;5;1;2;1
67072 Waltershausen, Stadt;DIE LINKE;3;-;2;-
67081 Wölfis;DIE LINKE;3;1;2;-
67085 Günthersleben-Wechmar;DIE LINKE;4;2;1;1
68009 Elxleben (SÖM);DIE LINKE;2;-;1;-
68011 Eßleben-Teutleben;DIE LINKE;1;-;1;-
68014 Gebesee, Stadt;DIE LINKE;4;-;4;-
68029 Kindelbrück, Stadt;DIE LINKE;3;1;2;-
68034 Kölleda, Stadt;DIE LINKE;7;1;2;1
68036 Markvippach;DIE LINKE;4;1;2;-
68044 Riethnordhausen;DIE LINKE;3;3;2;2
68049 Schwerstedt (SÖM);DIE LINKE;1;-;1;-
68051 Sömmerda, Stadt;DIE LINKE;24;9;9;3
68056 Vogelsberg;DIE LINKE;1;-;-;-
68057 Walschleben;DIE LINKE;11;7;3;2
68058 Weißensee, Stadt;DIE LINKE;2;-;1;-
69002 Bad Colberg-Heldburg, Stadt;DIE LINKE;4;3;1;1
69003 Beinerstadt;DIE LINKE;5;3;1;-
69012 Eisfeld, Stadt;DIE LINKE;12;5;4;2
69024 Hildburghausen, Stadt;DIE LINKE;20;5;6;2
69043 Schleusingen, Stadt;DIE LINKE;5;-;2;-
69048 St.Kilian;DIE LINKE;7;5;3;2
69049 Straufhain;DIE LINKE;3;-;2;-
69051 Themar, Stadt;DIE LINKE;8;2;5;1
69053 Veilsdorf;DIE LINKE;4;-;1;-
69056 Westhausen (HBN);DIE LINKE;4;1;2;1
69058 Auengrund;DIE LINKE;5;2;1;-
69059 Nahetal-Waldau;DIE LINKE;2;1;1;1
69061 Masserberg;DIE LINKE;3;-;1;-
70004 Arnstadt, Stadt;DIE LINKE;29;11;7;3
70018 Gehren, Stadt;DIE LINKE;10;4;3;1
70024 Gräfenroda;DIE LINKE;8;3;4;2
70028 Amt Wachsenburg;DIE LINKE;11;4;3;1
70029 Ilmenau, Stadt;DIE LINKE;21;8;7;2
70031 Kirchheim;DIE LINKE;2;-;1;-
70032 Langewiesen, Stadt;DIE LINKE;4;2;3;2
70048 Stadtilm, Stadt;DIE LINKE;5;-;3;-
70052 Wildenspring;DIE LINKE;10;6;6;3
70053 Wipfratal;DIE LINKE;5;3;2;2
70054 Witzleben;DIE LINKE;2;2;2;2
71001 Apolda, Stadt;DIE LINKE;12;5;6;4
71003 Bad Berka, Stadt;DIE LINKE;6;-;3;-
71004 Bad Sulza, Stadt;DIE LINKE;6;1;1;1
71007 Berlstedt;DIE LINKE;4;1;1;-
71008 Blankenhain, Stadt;DIE LINKE;9;2;5;2
72009 Judenbach;DIE LINKE;4;-;4;-
72013 Neuhaus am Rennweg, Stadt;DIE LINKE;13;5;8;3
72014 Neuhaus-Schierschnitz;DIE LINKE;5;2;3;1
72015 Schalkau, Stadt;DIE LINKE;14;4;4;1
72018 Sonneberg, Stadt;DIE LINKE;23;10;8;4
72019 Steinach, Stadt;DIE LINKE;5;2;2;1
72023 Frankenblick;DIE LINKE;8;4;4;1
73005 Bad Blankenburg, Stadt;DIE LINKE;10;1;8;1
73036 Kamsdorf;DIE LINKE;3;1;2;1
73037 Katzhütte;DIE LINKE;5;4;3;2
73046 Lehesten, Stadt;DIE LINKE;6;2;4;1
73054 Mellenbach-Glasbach;DIE LINKE;4;1;2;1
73066 Piesau;DIE LINKE;1;-;1;-
73067 Probstzella;DIE LINKE;1;-;1;-
73076 Rudolstadt, Stadt;DIE LINKE;15;3;5;2
73077 Saalfeld/Saale, Stadt;DIE LINKE;17;8;7;3
73106 Leutenberg, Stadt;DIE LINKE;3;1;1;-
73109 Uhlstädt-Kirchhasel;DIE LINKE;7;-;3;-
73111 Unterwellenborn;DIE LINKE;6;1;2;-
74003 Bad Klosterlausnitz;DIE LINKE;3;2;2;1
74009 Bürgel, Stadt;DIE LINKE;3;-;3;-
74012 Crossen an der Elster;DIE LINKE;6;1;4;1
74018 Eisenberg, Stadt;DIE LINKE;11;4;6;2
74039 Heideland;DIE LINKE;5;2;2;1
74041 Hermsdorf, Stadt;DIE LINKE;7;6;5;4
74044 Kahla, Stadt;DIE LINKE;8;3;4;2
74094 Stadtroda, Stadt;DIE LINKE;8;1;3;1
74102 Trockenborn-Wolfersdorf;DIE LINKE;4;2;2;1
74116 Schkölen, Stadt;DIE LINKE;2;2;2;2
75004 Blankenstein;DIE LINKE;4;-;2;-
75046 Hirschberg, Stadt;DIE LINKE;3;-;2;-
75049 Knau;DIE LINKE;2;1;1;1
75062 Bad Lobenstein, Stadt;DIE LINKE;9;4;4;1
75073 Neustadt an der Orla, Stadt;DIE LINKE;9;6;5;3
75074 Nimritz;DIE LINKE;2;2;1;1
75085 Pößneck, Stadt;DIE LINKE;8;3;4;2
75088 Ranis, Stadt;DIE LINKE;3;2;2;1
75098 Schleiz, Stadt;DIE LINKE;10;4;3;2
75116 Triptis, Stadt;DIE LINKE;7;1;3;1
75124 Wernburg;DIE LINKE;2;-;1;-
75129 Krölpa;DIE LINKE;1;-;1;-
75131 Gefell, Stadt;DIE LINKE;2;-;1;-
75132 Tanna, Stadt;DIE LINKE;2;-;1;-
75133 Wurzbach, Stadt;DIE LINKE;3;1;3;1
75134 Remptendorf;DIE LINKE;3;1;3;1
76003 Bad Köstritz, Stadt;DIE LINKE;10;7;3;2
76004 Berga/Elster, Stadt;DIE LINKE;2;-;2;-
76022 Greiz, Stadt;DIE LINKE;15;8;5;3
76039 Langenwetzendorf;DIE LINKE;3;-;1;-
76049 Münchenbernsdorf, Stadt;DIE LINKE;2;-;1;-
76061 Ronneburg, Stadt;DIE LINKE;5;1;2;-
76079 Weida, Stadt;DIE LINKE;13;5;4;2
76087 Zeulenroda-Triebes, Stadt;DIE LINKE;9;4;5;2
76093 Mohlsdorf-Teichwolframsdorf;DIE LINKE;4;1;2;1
77001 Altenburg, Stadt;DIE LINKE;21;8;8;6
77012 Gößnitz, Stadt;DIE LINKE;2;1;2;1
77022 Kriebitzsch;DIE LINKE;4;2;4;2
77023 Langenleuba-Niederhain;DIE LINKE;4;2;2;-
77028 Lucka, Stadt;DIE LINKE;3;2;1;1
77031 Mehna;DIE LINKE;3;2;2;1
77032 Meuselwitz, Stadt;DIE LINKE;14;2;5;1
77036 Nobitz;DIE LINKE;4;2;2;1
77037 Nöbdenitz;DIE LINKE;1;-;1;-
77039 Ponitz;DIE LINKE;4;1;1;1
77042 Rositz;DIE LINKE;7;4;3;2
77043 Schmölln, Stadt;DIE LINKE;11;6;5;3
51000 Stadt Erfurt;SPD;50;13;15;4
52000 Stadt Gera;SPD;22;10;4;2
53000 Stadt Jena;SPD;46;13;10;2
54000 Stadt Suhl;SPD;20;5;6;2
55000 Stadt Weimar;SPD;42;17;8;2
56000 Stadt Eisenach;SPD;23;5;4;1
61001 Arenshausen;SPD;2;2;1;1
61017 Breitenworbis;SPD;8;-;3;-
61019 Buhla;SPD;7;2;4;1
61025 Dingelstädt, Stadt;SPD;10;3;2;-
61045 Heilbad Heiligenstadt, Stadt;SPD;19;9;2;1
61074 Niederorschel;SPD;4;2;1;-
61115 Leinefelde-Worbis, Stadt;SPD;10;2;2;-
62002 Bleicherode, Stadt;SPD;8;4;3;1
62005 Ellrich, Stadt;SPD;14;3;5;1
62036 Neustadt/Harz;SPD;4;1;1;1
62041 Nordhausen, Stadt;SPD;36;12;11;3
62049 Sollstedt;SPD;8;4;3;1
62063 Werther;SPD;6;2;3;2
62065 Harztor;SPD;11;3;3;1
63003 Bad Salzungen, Stadt;SPD;12;2;1;-
63004 Barchfeld-Immelborn;SPD;12;2;3;1
63013 Creuzburg, Stadt;SPD;7;2;4;1
63017 Dippach;SPD;11;2;5;1
63052 Marksuhl;SPD;1;-;-;-
63066 Ruhla, Stadt;SPD;19;7;7;2
63078 Unterbreizbach;SPD;25;6;8;-
63092 Wutha-Farnroda;SPD;7;3;3;1
63094 Moorgrund;SPD;6;1;4;1
63101 Krayenberggemeinde;SPD;16;2;5;1
63102 Kaltennordheim, Stadt;SPD;2;1;1;1
64003 Bad Langensalza, Stadt;SPD;12;8;3;1
64004 Bad Tennstedt, Stadt;SPD;7;1;3;1
64037 Körner;SPD;6;2;2;1
64046 Mühlhausen/Thüringen, Stadt;SPD;24;11;10;6
64053 Oppershausen;SPD;7;1;2;-
64057 Schlotheim, Stadt;SPD;11;2;5;-
64058 Schönstedt;SPD;3;1;2;1
64066 Weinbergen;SPD;12;4;4;2
64071 Unstruttal;SPD;19;6;5;1
64072 Menteroda;SPD;4;2;2;1
65002 Artern/Unstrut, Stadt;SPD;11;5;4;1
65003 Bad Frankenhausen/Kyffhäuser, Stadt;SPD;20;8;8;2
65014 Ebeleben, Stadt;SPD;15;5;4;1
65023 Greußen, Stadt;SPD;11;2;7;-
65033 Heldrungen, Stadt;SPD;4;-;3;-
65054 Oldisleben;SPD;9;2;7;1
65061 Roßleben;SPD;16;3;7;1
65067 Sondershausen, Stadt;SPD;30;14;6;3
65081 Wiehe, Stadt;SPD;6;2;2;-
66013 Breitungen/Werra;SPD;16;3;7;-
66023 Floh-Seligenthal;SPD;13;3;2;1
66028 Henneberg;SPD;3;1;2;-
66042 Meiningen, Stadt;SPD;29;9;8;3
66051 Oberschönau, Kurort;SPD;9;3;4;1
66056 Rippershausen;SPD;3;-;1;-
66058 Rohr;SPD;3;-;1;-
66063 Schmalkalden, Kurort, Stadt;SPD;16;2;10;1
66064 Schwallungen;SPD;2;1;2;1
66069 Steinbach-Hallenberg, Kurort, Stadt;SPD;2;-;1;-
66074 Brotterode-Trusetal, Stadt;SPD;9;-;3;-
66085 Walldorf;SPD;11;2;3;-
66086 Wasungen, Stadt;SPD;19;9;2;1
66092 Zella-Mehlis, Stadt;SPD;7;-;2;-
66094 Grabfeld;SPD;5;1;2;-
67008 Crawinkel;SPD;12;4;5;1
67009 Dachwig;SPD;7;1;4;1
67019 Friedrichroda, Stadt;SPD;15;3;3;-
67025 Georgenthal/Thür. Wald;SPD;3;1;2;1
67029 Gotha, Stadt;SPD;33;7;13;3
67032 Gräfenhain;SPD;10;3;6;2
67044 Luisenthal;SPD;14;4;7;1
67047 Molschleben;SPD;5;2;1;-
67053 Ohrdruf, Stadt;SPD;19;6;3;1
67064 Tabarz/Thür. Wald;SPD;13;4;5;1
67065 Tambach-Dietharz/Thür. Wald, Stadt;SPD;7;-;3;-
67067 Tonna;SPD;14;5;5;1
67086 Drei Gleichen;SPD;14;4;3;-
67087 Nesse-Apfelstädt;SPD;9;1;3;-
67088 Hörsel;SPD;5;2;2;-
68002 Andisleben;SPD;10;4;6;3
68006 Buttstädt, Stadt;SPD;4;1;4;1
68009 Elxleben (SÖM);SPD;1;-;1;-
68034 Kölleda, Stadt;SPD;9;2;2;-
68042 Rastenberg, Stadt;SPD;5;-;3;-
68051 Sömmerda, Stadt;SPD;12;3;2;1
68057 Walschleben;SPD;7;2;2;-
68058 Weißensee, Stadt;SPD;7;1;3;1
69012 Eisfeld, Stadt;SPD;7;-;2;-
69019 Hellingen;SPD;3;1;2;-
69024 Hildburghausen, Stadt;SPD;17;3;2;-
69043 Schleusingen, Stadt;SPD;7;3;2;1
69051 Themar, Stadt;SPD;3;1;1;-
69053 Veilsdorf;SPD;5;1;1;-
69059 Nahetal-Waldau;SPD;17;4;9;2
69061 Masserberg;SPD;9;3;2;-
70004 Arnstadt, Stadt;SPD;18;6;5;3
70012 Elleben;SPD;7;2;2;1
70013 Elxleben (IK);SPD;2;1;1;-
70018 Gehren, Stadt;SPD;11;3;2;1
70019 Geraberg;SPD;3;-;1;-
70021 Geschwenda;SPD;5;1;3;-
70024 Gräfenroda;SPD;9;1;3;-
70029 Ilmenau, Stadt;SPD;16;6;3;1
70032 Langewiesen, Stadt;SPD;14;4;7;3
70041 Osthausen-Wülfershausen;SPD;5;3;2;1
70048 Stadtilm, Stadt;SPD;11;5;4;1
70049 Stützerbach;SPD;12;6;7;3
70055 Wolfsberg;SPD;5;2;5;2
71001 Apolda, Stadt;SPD;7;2;3;-
71004 Bad Sulza, Stadt;SPD;10;3;3;1
71008 Blankenhain, Stadt;SPD;5;2;3;1
71034 Hopfgarten;SPD;8;3;5;1
72005 Föritz;SPD;10;-;3;-
72011 Lauscha, Stadt;SPD;5;2;5;2
72013 Neuhaus am Rennweg, Stadt;SPD;6;-;1;-
72014 Neuhaus-Schierschnitz;SPD;12;6;2;-
72018 Sonneberg, Stadt;SPD;13;5;5;2
73005 Bad Blankenburg, Stadt;SPD;4;3;1;-
73036 Kamsdorf;SPD;12;4;5;1
73038 Kaulsdorf;SPD;3;1;1;-
73046 Lehesten, Stadt;SPD;4;2;2;1
73055 Meura;SPD;1;-;1;-
73067 Probstzella;SPD;11;3;6;1
73076 Rudolstadt, Stadt;SPD;21;6;5;1
73077 Saalfeld/Saale, Stadt;SPD;12;6;4;3
73109 Uhlstädt-Kirchhasel;SPD;12;2;3;-
74003 Bad Klosterlausnitz;SPD;2;-;1;-
74009 Bürgel, Stadt;SPD;2;-;2;-
74016 Eichenberg (SHK);SPD;2;-;1;-
74018 Eisenberg, Stadt;SPD;20;6;6;1
74041 Hermsdorf, Stadt;SPD;13;3;5;1
75003 Blankenberg;SPD;7;-;5;-
75073 Neustadt an der Orla, Stadt;SPD;7;2;2;1
75074 Nimritz;SPD;4;-;1;-
75085 Pößneck, Stadt;SPD;15;2;4;-
75098 Schleiz, Stadt;SPD;14;3;7;2
75116 Triptis, Stadt;SPD;9;3;2;1
75135 Saalburg-Ebersdorf, Stadt;SPD;7;2;3;1
76004 Berga/Elster, Stadt;SPD;7;2;3;2
76022 Greiz, Stadt;SPD;30;10;7;3
76061 Ronneburg, Stadt;SPD;5;1;1;-
76087 Zeulenroda-Triebes, Stadt;SPD;8;3;3;1
76089 Kraftsdorf;SPD;1;-;1;-
76093 Mohlsdorf-Teichwolframsdorf;SPD;9;3;2;-
77001 Altenburg, Stadt;SPD;36;9;9;3
77012 Gößnitz, Stadt;SPD;10;3;4;-
77015 Haselbach;SPD;2;-;2;-
77027 Lödla;SPD;10;5;4;2
77028 Lucka, Stadt;SPD;5;-;2;-
77032 Meuselwitz, Stadt;SPD;6;1;2;-
77036 Nobitz;SPD;14;2;5;1
77043 Schmölln, Stadt;SPD;17;5;4;-
51000 Stadt Erfurt;FDP;50;12;1;-
52000 Stadt Gera;FDP;15;1;1;-
53000 Stadt Jena;FDP;22;3;2;-
54000 Stadt Suhl;FDP;20;3;1;-
55000 Stadt Weimar;FDP;30;10;1;-
56000 Stadt Eisenach;FDP;13;4;1;1
61025 Dingelstädt, Stadt;FDP;4;-;1;-
61037 Gernrode;FDP;6;-;1;-
61045 Heilbad Heiligenstadt, Stadt;FDP;10;3;1;-
61061 Kreuzebra;FDP;2;2;1;1
61101 Wachstedt;FDP;8;-;3;-
61114 Teistungen;FDP;4;-;3;-
61115 Leinefelde-Worbis, Stadt;FDP;5;1;-;-
62002 Bleicherode, Stadt;FDP;3;-;1;-
62005 Ellrich, Stadt;FDP;6;-;2;-
62007 Friedrichsthal;FDP;8;3;6;3
62041 Nordhausen, Stadt;FDP;15;2;2;-
62062 Hohenstein;FDP;2;1;2;1
63003 Bad Salzungen, Stadt;FDP;3;-;1;-
63039 Ifta;FDP;6;2;4;2
63097 Gerstungen;FDP;2;1;1;1
63102 Kaltennordheim, Stadt;FDP;6;2;3;-
64003 Bad Langensalza, Stadt;FDP;15;1;5;-
64018 Großengottern;FDP;7;1;2;-
64046 Mühlhausen/Thüringen, Stadt;FDP;10;2;2;-
64057 Schlotheim, Stadt;FDP;7;2;1;-
65013 Donndorf;FDP;9;2;3;2
65014 Ebeleben, Stadt;FDP;2;-;-;-
65067 Sondershausen, Stadt;FDP;8;-;-;-
66023 Floh-Seligenthal;FDP;20;1;7;-
66042 Meiningen, Stadt;FDP;4;1;-;-
66063 Schmalkalden, Kurort, Stadt;FDP;2;-;1;-
66069 Steinbach-Hallenberg, Kurort, Stadt;FDP;16;2;4;-
67009 Dachwig;FDP;8;4;3;1
67011 Döllstädt;FDP;3;-;1;-
67019 Friedrichroda, Stadt;FDP;4;-;1;-
67029 Gotha, Stadt;FDP;10;1;1;-
67039 Hohenkirchen;FDP;1;-;1;-
67072 Waltershausen, Stadt;FDP;5;1;-;-
68006 Buttstädt, Stadt;FDP;7;2;3;1
68014 Gebesee, Stadt;FDP;12;2;7;1
68019 Großneuhausen;FDP;3;1;1;-
68034 Kölleda, Stadt;FDP;7;3;-;-
68042 Rastenberg, Stadt;FDP;8;3;5;1
68049 Schwerstedt (SÖM);FDP;7;4;7;4
68051 Sömmerda, Stadt;FDP;7;1;1;-
68059 Werningshausen;FDP;3;1;3;1
69043 Schleusingen, Stadt;FDP;6;1;1;-
70004 Arnstadt, Stadt;FDP;5;1;1;-
70029 Ilmenau, Stadt;FDP;8;1;1;-
70048 Stadtilm, Stadt;FDP;7;4;1;-
71001 Apolda, Stadt;FDP;18;4;2;-
71073 Ottstedt a. Berge;FDP;2;-;2;-
72005 Föritz;FDP;3;1;1;-
72013 Neuhaus am Rennweg, Stadt;FDP;6;-;1;-
72018 Sonneberg, Stadt;FDP;12;3;2;-
72019 Steinach, Stadt;FDP;7;1;3;-
72023 Frankenblick;FDP;4;1;1;-
73005 Bad Blankenburg, Stadt;FDP;3;-;-;-
73076 Rudolstadt, Stadt;FDP;5;1;1;1
73077 Saalfeld/Saale, Stadt;FDP;19;5;3;1
73105 Remda-Teichel;FDP;4;-;1;-
73106 Leutenberg, Stadt;FDP;8;3;3;2
74012 Crossen an der Elster;FDP;7;2;2;-
74017 Eineborn;FDP;6;1;6;1
74018 Eisenberg, Stadt;FDP;6;1;1;-
74038 Hartmannsdorf (SHK);FDP;11;1;2;-
74069 Quirla;FDP;3;1;2;1
74071 Rattelsdorf;FDP;7;1;6;-
75062 Bad Lobenstein, Stadt;FDP;10;5;2;-
75077 Oppurg;FDP;6;1;2;1
75124 Wernburg;FDP;16;4;5;1
75132 Tanna, Stadt;FDP;6;1;1;-
75134 Remptendorf;FDP;3;2;-;-
75135 Saalburg-Ebersdorf, Stadt;FDP;6;2;3;1
76022 Greiz, Stadt;FDP;3;-;1;-
76061 Ronneburg, Stadt;FDP;11;3;1;-
76087 Zeulenroda-Triebes, Stadt;FDP;6;2;1;-
76088 Harth-Pöllnitz;FDP;12;4;2;1
77001 Altenburg, Stadt;FDP;4;1;1;-
77043 Schmölln, Stadt;FDP;6;-;1;-
51000 Stadt Erfurt;GRÜNE;50;20;5;2
52000 Stadt Gera;GRÜNE;22;9;2;1
53000 Stadt Jena;GRÜNE;46;27;5;2
55000 Stadt Weimar;GRÜNE;42;25;7;2
56000 Stadt Eisenach;GRÜNE;22;7;3;1
61045 Heilbad Heiligenstadt, Stadt;GRÜNE;9;5;1;-
61066 Lindewerra;GRÜNE;4;2;1;-
61069 Marth;GRÜNE;5;2;1;-
61084 Schönhagen;GRÜNE;6;3;1;-
62041 Nordhausen, Stadt;GRÜNE;36;19;3;2
63003 Bad Salzungen, Stadt;GRÜNE;3;2;1;1
63011 Buttlar;GRÜNE;7;1;2;-
63101 Krayenberggemeinde;GRÜNE;2;1;1;-
64046 Mühlhausen/Thüringen, Stadt;GRÜNE;9;2;2;-
65067 Sondershausen, Stadt;GRÜNE;12;6;1;-
66018 Ellingshausen;GRÜNE;3;2;2;1
66042 Meiningen, Stadt;GRÜNE;16;7;2;-
66063 Schmalkalden, Kurort, Stadt;GRÜNE;5;4;1;-
67029 Gotha, Stadt;GRÜNE;20;9;1;1
68051 Sömmerda, Stadt;GRÜNE;6;3;1;1
71001 Apolda, Stadt;GRÜNE;8;2;1;-
71003 Bad Berka, Stadt;GRÜNE;6;3;1;-
71008 Blankenhain, Stadt;GRÜNE;4;-;1;-
72013 Neuhaus am Rennweg, Stadt;GRÜNE;1;1;-;-
72018 Sonneberg, Stadt;GRÜNE;7;1;1;-
73076 Rudolstadt, Stadt;GRÜNE;10;4;2;1
73077 Saalfeld/Saale, Stadt;GRÜNE;13;5;2;1
75085 Pößneck, Stadt;GRÜNE;4;1;1;-
51000 Stadt Erfurt;Sonstige;43;5;6;1
52000 Stadt Gera;Sonstige;66;15;12;3
53000 Stadt Jena;Sonstige;52;14;8;3
54000 Stadt Suhl;Sonstige;36;17;8;3
55000 Stadt Weimar;Sonstige;52;20;8;4
56000 Stadt Eisenach;Sonstige;45;17;7;1
61001 Arenshausen;Sonstige;7;2;4;1
61002 Asbach-Sickenberg;Sonstige;11;4;6;2
61003 Berlingerode;Sonstige;9;1;4;1
61004 Bernterode (bei Heilbad Heiligenstadt);Sonstige;9;2;6;2
61007 Birkenfelde;Sonstige;26;6;8;2
61012 Bodenrode-Westhausen;Sonstige;6;1;5;1
61014 Bornhagen;Sonstige;27;6;6;-
61015 Brehme;Sonstige;14;-;7;-
61017 Breitenworbis;Sonstige;6;-;4;-
61018 Büttstedt;Sonstige;14;6;-;-
61019 Buhla;Sonstige;8;2;3;-
61021 Burgwalde;Sonstige;12;1;6;1
61022 Deuna;Sonstige;9;1;5;1
61023 Dieterode;Sonstige;8;1;6;1
61024 Dietzenrode/Vatterode;Sonstige;22;6;6;2
61025 Dingelstädt, Stadt;Sonstige;8;1;2;-
61026 Ecklingerode;Sonstige;7;-;6;-
61027 Effelder;Sonstige;45;7;-;-
61028 Eichstruth;Sonstige;11;5;6;4
61031 Ferna;Sonstige;1;1;-;-
61032 Freienhagen;Sonstige;8;1;-;-
61033 Fretterode;Sonstige;10;-;6;-
61034 Geisleden;Sonstige;3;3;3;3
61035 Geismar;Sonstige;7;1;5;1
61036 Gerbershausen;Sonstige;5;-;-;-
61037 Gernrode;Sonstige;7;-;4;-
61038 Gerterode;Sonstige;9;3;6;2
61039 Glasehausen;Sonstige;12;3;6;1
61041 Großbartloff;Sonstige;24;2;-;-
61043 Hausen;Sonstige;10;-;-;-
61044 Haynrode;Sonstige;9;-;6;-
61045 Heilbad Heiligenstadt, Stadt;Sonstige;27;11;7;2
61046 Helmsdorf;Sonstige;18;1;8;1
61047 Heuthen;Sonstige;4;-;2;-
61048 Hohengandern;Sonstige;6;1;3;-
61049 Hohes Kreuz;Sonstige;3;-;3;-
61052 Hundeshagen;Sonstige;9;1;7;1
61054 Kallmerode;Sonstige;6;1;5;1
61055 Kefferhausen;Sonstige;4;2;3;1
61056 Kella;Sonstige;4;-;2;-
61057 Kirchgandern;Sonstige;5;-;2;-
61058 Kirchworbis;Sonstige;20;4;12;1
61059 Kleinbartloff;Sonstige;29;3;-;-
61061 Kreuzebra;Sonstige;3;-;2;-
61062 Krombach;Sonstige;14;3;6;1
61063 Küllstedt;Sonstige;7;2;4;1
61065 Lenterode;Sonstige;5;-;4;-
61066 Lindewerra;Sonstige;9;1;5;1
61068 Mackenrode;Sonstige;6;3;3;2
61069 Marth;Sonstige;10;-;3;-
61074 Niederorschel;Sonstige;30;8;8;2
61075 Pfaffschwende;Sonstige;7;2;6;2
61076 Reinholterode;Sonstige;12;2;-;-
61077 Röhrig;Sonstige;12;-;6;-
61078 Rohrberg;Sonstige;6;2;2;-
61082 Rustenfelde;Sonstige;16;3;3;1
61083 Schachtebich;Sonstige;9;-;5;-
61084 Schönhagen;Sonstige;7;1;5;1
61085 Schwobfeld;Sonstige;8;-;6;-
61086 Sickerode;Sonstige;9;1;6;1
61087 Silberhausen;Sonstige;3;1;2;1
61089 Steinbach (EIC);Sonstige;6;-;3;-
61091 Steinheuterode;Sonstige;4;-;2;-
61094 Tastungen;Sonstige;12;2;4;-
61096 Thalwenden;Sonstige;38;6;6;1
61097 Uder;Sonstige;9;2;4;-
61098 Volkerode;Sonstige;19;2;6;-
61102 Wahlhausen;Sonstige;13;1;6;1
61103 Wehnde;Sonstige;15;3;6;2
61105 Wiesenfeld;Sonstige;16;4;6;-
61107 Wingerode;Sonstige;8;1;2;-
61111 Wüstheuterode;Sonstige;8;-;4;-
61113 Schimberg;Sonstige;18;3;6;1
61115 Leinefelde-Worbis, Stadt;Sonstige;23;9;5;1
61116 Am Ohmberg;Sonstige;12;1;6;-
61117 Sonnenstein;Sonstige;11;3;7;1
62004 Buchholz;Sonstige;8;2;6;2
62005 Ellrich, Stadt;Sonstige;6;2;3;1
62006 Etzelsrode;Sonstige;7;2;6;1
62007 Friedrichsthal;Sonstige;1;-;-;-
62008 Görsbach;Sonstige;20;4;11;2
62009 Großlohra;Sonstige;9;2;5;1
62014 Hainrode/Hainleite;Sonstige;11;3;6;1
62016 Harzungen;Sonstige;9;-;6;-
62018 Herrmannsacker;Sonstige;7;1;6;1
62024 Kehmstedt;Sonstige;8;3;6;3
62025 Kleinbodungen;Sonstige;16;2;6;-
62026 Kleinfurra;Sonstige;13;3;9;2
62029 Kraja;Sonstige;8;-;6;-
62033 Lipprechterode;Sonstige;12;6;8;4
62036 Neustadt/Harz;Sonstige;8;4;4;2
62037 Niedergebra;Sonstige;7;-;3;-
62039 Nohra (NDH);Sonstige;15;3;7;1
62041 Nordhausen, Stadt;Sonstige;5;1;1;-
62049 Sollstedt;Sonstige;16;7;8;3
62054 Urbach;Sonstige;10;-;6;-
62058 Wipperdorf;Sonstige;21;1;12;1
62059 Wolkramshausen;Sonstige;19;4;8;1
62062 Hohenstein;Sonstige;21;6;10;2
62063 Werther;Sonstige;14;3;4;1
62064 Heringen/Helme, Stadt;Sonstige;26;8;7;1
62065 Harztor;Sonstige;16;4;6;-
63003 Bad Salzungen, Stadt;Sonstige;18;3;10;1
63004 Barchfeld-Immelborn;Sonstige;31;9;9;2
63006 Berka v. d. Hainich;Sonstige;13;3;8;1
63007 Berka/Werra, Stadt;Sonstige;18;3;11;2
63008 Bischofroda;Sonstige;24;5;8;-
63009 Brunnhartshausen;Sonstige;15;2;6;-
63011 Buttlar;Sonstige;7;-;5;-
63013 Creuzburg, Stadt;Sonstige;6;1;3;1
63014 Dankmarshausen;Sonstige;14;5;5;1
63015 Dermbach;Sonstige;13;-;-;-
63016 Diedorf/Rhön;Sonstige;8;-;6;-
63017 Dippach;Sonstige;7;2;7;2
63019 Ebenshausen;Sonstige;13;3;6;-
63023 Empfertshausen;Sonstige;13;2;6;1
63024 Ettenhausen a.d. Suhl;Sonstige;2;1;-;-
63028 Frankenroda;Sonstige;9;4;6;2
63029 Frauensee;Sonstige;23;4;8;1
63036 Großensee;Sonstige;10;1;6;1
63037 Hallungen;Sonstige;9;1;6;-
63039 Ifta;Sonstige;18;1;8;-
63046 Krauthausen;Sonstige;24;5;12;1
63049 Lauterbach;Sonstige;10;3;8;2
63051 Leimbach;Sonstige;30;6;10;1
63052 Marksuhl;Sonstige;21;4;12;1
63055 Mihla;Sonstige;26;3;14;1
63058 Nazza;Sonstige;15;2;8;1
63059 Neidhartshausen;Sonstige;38;6;6;1
63062 Oechsen;Sonstige;34;4;8;1
63066 Ruhla, Stadt;Sonstige;14;5;6;3
63068 Schleid;Sonstige;17;2;-;-
63071 Seebach;Sonstige;5;-;4;-
63072 Stadtlengsfeld, Stadt;Sonstige;39;9;14;-
63075 Tiefenort;Sonstige;17;4;9;2
63076 Treffurt, Stadt;Sonstige;26;3;13;2
63081 Urnshausen;Sonstige;6;1;5;1
63082 Vacha, Stadt;Sonstige;54;11;20;2
63084 Weilar;Sonstige;10;2;6;1
63086 Wiesenthal;Sonstige;15;3;8;1
63089 Wolfsburg-Unkeroda;Sonstige;10;1;5;1
63092 Wutha-Farnroda;Sonstige;37;5;9;1
63093 Zella/Rhön;Sonstige;117;38;6;1
63094 Moorgrund;Sonstige;7;2;3;1
63097 Gerstungen;Sonstige;33;6;14;4
63098 Hörselberg-Hainich;Sonstige;44;5;20;1
63101 Krayenberggemeinde;Sonstige;9;3;3;-
63102 Kaltennordheim, Stadt;Sonstige;22;3;7;-
64001 Altengottern;Sonstige;11;2;5;1
64003 Bad Langensalza, Stadt;Sonstige;12;1;4;-
64004 Bad Tennstedt, Stadt;Sonstige;14;3;2;-
64005 Ballhausen;Sonstige;12;2;5;1
64007 Blankenburg;Sonstige;7;2;5;1
64008 Bothenheilingen;Sonstige;11;5;6;2
64009 Bruchstedt;Sonstige;20;9;6;1
64014 Dünwald;Sonstige;4;-;4;-
64017 Flarchheim;Sonstige;14;2;-;-
64018 Großengottern;Sonstige;14;3;10;2
64019 Großvargula;Sonstige;8;2;7;2
64021 Haussömmern;Sonstige;21;3;6;1
64022 Herbsleben;Sonstige;13;6;4;1
64023 Heroldishausen;Sonstige;8;3;6;2
64027 Hornsömmern;Sonstige;14;3;6;1
64029 Issersheilingen;Sonstige;12;2;6;-
64032 Kammerforst;Sonstige;9;2;8;2
64033 Kirchheilingen;Sonstige;17;2;8;-
64035 Kleinwelsbach;Sonstige;9;4;6;2
64036 Klettstedt;Sonstige;16;3;6;-
64037 Körner;Sonstige;25;3;7;-
64038 Kutzleben;Sonstige;9;1;3;-
64043 Marolterode;Sonstige;17;4;6;2
64045 Mittelsömmern;Sonstige;7;1;6;1
64046 Mühlhausen/Thüringen, Stadt;Sonstige;31;5;8;-
64047 Mülverstedt;Sonstige;10;1;6;-
64048 Neunheilingen;Sonstige;18;4;6;-
64052 Obermehler;Sonstige;5;-;3;-
64053 Oppershausen;Sonstige;4;-;3;-
64055 Rodeberg;Sonstige;13;4;4;1
64058 Schönstedt;Sonstige;4;1;3;-
64061 Sundhausen;Sonstige;18;2;6;2
64062 Tottleben;Sonstige;9;2;6;1
64064 Urleben;Sonstige;12;3;6;2
64065 Weberstedt;Sonstige;55;25;-;-
64066 Weinbergen;Sonstige;21;3;7;-
64071 Unstruttal;Sonstige;16;2;7;1
64072 Menteroda;Sonstige;19;3;10;1
64073 Anrode;Sonstige;12;1;5;-
64074 Südeichsfeld;Sonstige;53;7;9;-
65001 Abtsbessingen;Sonstige;6;1;2;-
65003 Bad Frankenhausen/Kyffhäuser, Stadt;Sonstige;7;1;2;-
65005 Bellstedt;Sonstige;15;8;6;4
65008 Borxleben;Sonstige;13;2;6;-
65011 Bretleben;Sonstige;13;2;8;1
65013 Donndorf;Sonstige;8;1;5;1
65014 Ebeleben, Stadt;Sonstige;10;2;6;1
65016 Etzleben;Sonstige;11;4;6;1
65018 Freienbessingen;Sonstige;10;5;6;1
65019 Gehofen;Sonstige;19;9;8;4
65022 Gorsleben;Sonstige;10;2;5;1
65023 Greußen, Stadt;Sonstige;7;-;2;-
65031 Hauteroda;Sonstige;11;2;8;2
65032 Helbedündorf;Sonstige;17;8;6;1
65033 Heldrungen, Stadt;Sonstige;11;3;5;1
65034 Hemleben;Sonstige;7;2;6;2
65035 Heygendorf;Sonstige;14;6;8;3
65038 Holzsußra;Sonstige;8;1;6;1
65039 Ichstedt;Sonstige;3;-;3;-
65042 Kalbsrieth;Sonstige;14;4;8;3
65046 Mönchpfiffel-Nikolausrieth;Sonstige;7;4;5;3
65047 Nausitz;Sonstige;10;3;6;3
65048 Niederbösa;Sonstige;4;1;2;1
65051 Oberbösa;Sonstige;28;4;6;1
65052 Oberheldrungen;Sonstige;15;10;6;3
65056 Reinsdorf;Sonstige;6;2;4;-
65057 Ringleben (KYF);Sonstige;11;1;5;-
65058 Rockstedt;Sonstige;9;2;6;-
65061 Roßleben;Sonstige;36;10;6;-
65067 Sondershausen, Stadt;Sonstige;50;11;9;3
65072 Thüringenhausen;Sonstige;24;12;6;3
65074 Topfstedt;Sonstige;15;3;8;2
65075 Trebra;Sonstige;9;3;6;2
65076 Voigtstedt;Sonstige;12;7;6;3
65077 Wasserthaleben;Sonstige;7;2;-;-
65079 Westgreußen;Sonstige;9;4;6;3
65081 Wiehe, Stadt;Sonstige;4;-;3;-
65082 Wolferschwenda;Sonstige;11;3;6;1
65084 Großenehrich, Stadt;Sonstige;14;2;5;1
66001 Altersbach;Sonstige;12;-;6;-
66002 Aschenhausen;Sonstige;7;3;6;3
66005 Belrieth;Sonstige;6;2;6;2
66006 Benshausen;Sonstige;16;1;11;1
66008 Bermbach;Sonstige;18;2;8;2
66012 Birx;Sonstige;20;3;6;2
66013 Breitungen/Werra;Sonstige;16;4;4;1
66015 Christes;Sonstige;12;2;4;1
66016 Dillstädt;Sonstige;21;8;8;5
66017 Einhausen;Sonstige;12;4;6;2
66019 Erbenhausen;Sonstige;12;2;8;-
66022 Fambach;Sonstige;20;3;7;-
66024 Frankenheim/Rhön;Sonstige;12;3;8;2
66025 Friedelshausen;Sonstige;12;2;6;1
66028 Henneberg;Sonstige;7;4;6;3
66033 Hümpfershausen;Sonstige;9;1;6;1
66035 Kaltensundheim;Sonstige;5;-;3;-
66036 Kaltenwestheim;Sonstige;12;5;8;2
66038 Kühndorf;Sonstige;62;16;12;2
66039 Leutersdorf;Sonstige;2;2;2;2
66041 Mehmels;Sonstige;7;1;5;-
66042 Meiningen, Stadt;Sonstige;44;8;8;-
66043 Melpers;Sonstige;19;5;6;2
66044 Metzels;Sonstige;20;2;8;-
66045 Neubrunn;Sonstige;4;1;3;1
66047 Oberhof, Stadt;Sonstige;18;6;12;4
66048 Oberkatz;Sonstige;9;4;6;3
66049 Obermaßfeld-Grimmenthal;Sonstige;17;3;10;-
66051 Oberschönau, Kurort;Sonstige;3;-;1;-
66052 Oberweid;Sonstige;18;3;8;-
66053 Oepfershausen;Sonstige;12;2;6;1
66056 Rippershausen;Sonstige;10;4;7;3
66057 Ritschenhausen;Sonstige;11;2;6;1
66058 Rohr;Sonstige;7;-;2;-
66059 Rosa;Sonstige;13;1;-;-
66061 Roßdorf;Sonstige;7;-;-;-
66062 Rotterode;Sonstige;8;3;3;1
66063 Schmalkalden, Kurort, Stadt;Sonstige;16;3;2;-
66064 Schwallungen;Sonstige;9;2;4;1
66065 Schwarza;Sonstige;25;8;12;4
66067 Springstille;Sonstige;13;2;8;1
66069 Steinbach-Hallenberg, Kurort, Stadt;Sonstige;7;1;2;-
66071 Stepfershausen;Sonstige;13;6;8;2
66073 Sülzfeld;Sonstige;16;5;7;2
66074 Brotterode-Trusetal, Stadt;Sonstige;19;7;8;2
66075 Unterkatz;Sonstige;3;1;2;-
66076 Untermaßfeld;Sonstige;22;4;11;2
66077 Unterschönau;Sonstige;3;-;3;-
66078 Unterweid;Sonstige;11;5;6;1
66079 Utendorf;Sonstige;12;3;6;1
66081 Vachdorf;Sonstige;11;2;5;1
66082 Viernau;Sonstige;11;5;2;-
66083 Wahns;Sonstige;15;3;6;1
66084 Wallbach;Sonstige;21;5;6;2
66086 Wasungen, Stadt;Sonstige;12;4;5;1
66088 Wölfershausen;Sonstige;21;4;6;1
66092 Zella-Mehlis, Stadt;Sonstige;23;4;11;2
66093 Rhönblick;Sonstige;37;7;12;1
66094 Grabfeld;Sonstige;11;4;6;3
67003 Ballstädt;Sonstige;6;1;3;-
67004 Bienstädt;Sonstige;2;-;-;-
67005 Brüheim;Sonstige;28;4;6;-
67006 Bufleben;Sonstige;26;11;12;4
67008 Crawinkel;Sonstige;4;1;1;-
67009 Dachwig;Sonstige;6;1;4;-
67011 Döllstädt;Sonstige;15;7;7;3
67013 Emleben;Sonstige;9;6;3;1
67016 Eschenbergen;Sonstige;8;2;3;1
67019 Friedrichroda, Stadt;Sonstige;15;4;4;-
67021 Friedrichswerth;Sonstige;10;2;6;1
67022 Friemar;Sonstige;7;3;5;3
67025 Georgenthal/Thür. Wald;Sonstige;28;-;6;-
67027 Goldbach;Sonstige;25;4;12;3
67029 Gotha, Stadt;Sonstige;48;18;6;2
67032 Gräfenhain;Sonstige;7;-;6;-
67033 Großfahner;Sonstige;19;4;6;3
67035 Haina (GTH);Sonstige;22;3;6;1
67036 Herrenhof;Sonstige;16;4;1;1
67037 Hochheim;Sonstige;12;2;6;2
67047 Molschleben;Sonstige;3;1;3;1
67052 Nottleben;Sonstige;8;3;5;2
67053 Ohrdruf, Stadt;Sonstige;16;2;5;1
67054 Petriroda;Sonstige;11;5;6;2
67055 Pferdingsleben;Sonstige;10;1;6;1
67056 Remstädt;Sonstige;22;6;8;2
67059 Schwabhausen;Sonstige;7;2;3;2
67063 Sonneborn;Sonstige;11;1;8;-
67064 Tabarz/Thür. Wald;Sonstige;25;4;11;2
67065 Tambach-Dietharz/Thür. Wald, Stadt;Sonstige;26;8;8;2
67068 Tröchtelborn;Sonstige;12;-;6;-
67071 Tüttleben;Sonstige;4;1;3;-
67072 Waltershausen, Stadt;Sonstige;52;12;15;2
67074 Wangenheim;Sonstige;19;6;8;3
67075 Warza;Sonstige;21;6;8;3
67078 Westhausen (GTH);Sonstige;9;2;8;1
67081 Wölfis;Sonstige;5;1;5;1
67082 Zimmernsupra;Sonstige;11;4;5;1
67083 Leinatal;Sonstige;19;5;7;1
67085 Günthersleben-Wechmar;Sonstige;30;11;9;1
67086 Drei Gleichen;Sonstige;29;8;8;1
67087 Nesse-Apfelstädt;Sonstige;43;14;11;2
67088 Hörsel;Sonstige;13;1;6;-
68001 Alperstedt;Sonstige;19;6;7;2
68003 Beichlingen;Sonstige;11;8;8;6
68004 Bilzingsleben;Sonstige;3;1;3;1
68005 Büchel;Sonstige;11;2;6;1
68007 Eckstedt;Sonstige;12;1;-;-
68008 Ellersleben;Sonstige;15;4;6;1
68009 Elxleben (SÖM);Sonstige;8;1;4;1
68011 Eßleben-Teutleben;Sonstige;12;4;5;1
68012 Frömmstedt;Sonstige;8;1;3;-
68013 Gangloffsömmern;Sonstige;11;2;8;-
68015 Griefstedt;Sonstige;11;5;6;3
68016 Großbrembach;Sonstige;26;6;8;-
68017 Großmölsen;Sonstige;7;3;5;1
68019 Großneuhausen;Sonstige;18;1;7;-
68021 Großrudestedt;Sonstige;13;3;7;-
68022 Günstedt;Sonstige;14;4;8;3
68023 Guthmannshausen;Sonstige;24;10;8;3
68024 Hardisleben;Sonstige;16;3;8;2
68025 Haßleben;Sonstige;40;8;8;2
68026 Henschleben;Sonstige;13;3;6;2
68027 Herrnschwende;Sonstige;8;2;6;1
68028 Kannawurf;Sonstige;42;11;8;-
68029 Kindelbrück, Stadt;Sonstige;10;1;10;1
68031 Kleinbrembach;Sonstige;9;3;6;2
68032 Kleinmölsen;Sonstige;8;1;6;1
68033 Kleinneuhausen;Sonstige;5;-;-;-
68034 Kölleda, Stadt;Sonstige;32;8;10;2
68035 Mannstedt;Sonstige;12;2;6;-
68036 Markvippach;Sonstige;4;2;3;1
68037 Nöda;Sonstige;10;1;3;-
68038 Olbersleben;Sonstige;16;4;8;2
68039 Ollendorf;Sonstige;16;4;6;2
68041 Ostramondra;Sonstige;17;3;7;1
68043 Riethgen;Sonstige;12;3;6;3
68044 Riethnordhausen;Sonstige;9;3;6;1
68045 Ringleben (SÖM);Sonstige;3;1;2;1
68046 Rudersdorf;Sonstige;13;3;6;-
68047 Schillingstedt;Sonstige;7;2;6;2
68048 Schloßvippach;Sonstige;36;7;9;3
68051 Sömmerda, Stadt;Sonstige;40;9;4;-
68052 Sprötau;Sonstige;16;4;8;2
68053 Straußfurt;Sonstige;16;6;7;2
68055 Udestedt;Sonstige;20;3;8;2
68056 Vogelsberg;Sonstige;21;1;8;1
68058 Weißensee, Stadt;Sonstige;9;-;2;-
68059 Werningshausen;Sonstige;9;1;5;-
68061 Witterda;Sonstige;8;1;5;1
68062 Wundersleben;Sonstige;20;7;-;-
69001 Ahlstädt;Sonstige;13;4;6;2
69002 Bad Colberg-Heldburg, Stadt;Sonstige;21;8;13;4
69003 Beinerstadt;Sonstige;10;1;5;-
69004 Bischofrod;Sonstige;11;4;6;2
69006 Brünn/Thür. Wald;Sonstige;10;2;6;1
69008 Dingsleben;Sonstige;5;-;5;-
69009 Ehrenberg;Sonstige;11;1;6;-
69011 Eichenberg (HBN);Sonstige;14;3;6;-
69012 Eisfeld, Stadt;Sonstige;20;1;11;-
69015 Gompertshausen;Sonstige;8;1;6;1
69016 Grimmelshausen;Sonstige;7;1;5;1
69017 Grub;Sonstige;43;10;6;1
69019 Hellingen;Sonstige;11;2;6;1
69021 Henfstädt;Sonstige;8;4;6;2
69024 Hildburghausen, Stadt;Sonstige;48;12;7;1
69025 Kloster Veßra;Sonstige;9;1;6;1
69026 Lengfeld;Sonstige;11;2;6;1
69028 Marisfeld;Sonstige;30;5;6;2
69035 Oberstadt;Sonstige;12;4;6;2
69037 Reurieth;Sonstige;12;3;8;2
69039 Sachsenbrunn;Sonstige;19;-;12;-
69041 Schlechtsart;Sonstige;10;2;6;1
69042 Schleusegrund;Sonstige;22;4;9;-
69043 Schleusingen, Stadt;Sonstige;24;6;5;-
69044 Schmeheim;Sonstige;9;-;6;-
69046 Schweickershausen;Sonstige;24;4;6;1
69047 St.Bernhard;Sonstige;8;4;5;2
69048 St.Kilian;Sonstige;18;4;11;2
69049 Straufhain;Sonstige;24;4;12;2
69051 Themar, Stadt;Sonstige;16;2;8;-
69052 Ummerstadt, Stadt;Sonstige;31;11;6;1
69053 Veilsdorf;Sonstige;39;7;11;1
69056 Westhausen (HBN);Sonstige;13;2;6;1
69058 Auengrund;Sonstige;49;10;13;2
69059 Nahetal-Waldau;Sonstige;6;2;3;1
69061 Masserberg;Sonstige;16;3;8;2
70001 Alkersleben;Sonstige;11;3;6;3
70002 Altenfeld;Sonstige;20;3;12;1
70003 Angelroda;Sonstige;14;2;6;1
70004 Arnstadt, Stadt;Sonstige;60;18;12;2
70005 Böhlen;Sonstige;16;5;-;-
70006 Bösleben-Wüllersleben;Sonstige;24;4;8;-
70008 Dornheim;Sonstige;14;4;8;4
70011 Elgersburg;Sonstige;19;6;12;4
70012 Elleben;Sonstige;9;1;6;1
70013 Elxleben (IK);Sonstige;5;1;2;-
70014 Frankenhain;Sonstige;19;1;8;-
70015 Frauenwald;Sonstige;13;2;8;-
70016 Friedersdorf;Sonstige;20;6;6;2
70017 Gehlberg;Sonstige;4;-;4;-
70018 Gehren, Stadt;Sonstige;27;9;7;-
70019 Geraberg;Sonstige;33;13;11;4
70021 Geschwenda;Sonstige;12;3;8;2
70022 Gillersdorf;Sonstige;13;4;6;2
70023 Gossel;Sonstige;6;1;3;-
70024 Gräfenroda;Sonstige;7;2;2;-
70025 Großbreitenbach, Stadt;Sonstige;30;8;10;3
70027 Herschdorf;Sonstige;11;1;7;-
70028 Amt Wachsenburg;Sonstige;33;10;9;2
70029 Ilmenau, Stadt;Sonstige;45;14;9;1
70031 Kirchheim;Sonstige;14;6;11;4
70032 Langewiesen, Stadt;Sonstige;13;2;2;-
70033 Liebenstein;Sonstige;11;5;4;1
70034 Martinroda (IK);Sonstige;11;2;7;1
70037 Neusiß;Sonstige;8;3;6;2
70038 Neustadt am Rennsteig;Sonstige;10;-;5;-
70041 Osthausen-Wülfershausen;Sonstige;10;3;4;-
70042 Pennewitz;Sonstige;37;7;6;-
70043 Plaue, Stadt;Sonstige;14;6;5;3
70044 Rockhausen;Sonstige;1;-;-;-
70046 Schmiedefeld am Rennsteig;Sonstige;13;4;10;3
70048 Stadtilm, Stadt;Sonstige;11;1;2;-
70049 Stützerbach;Sonstige;9;4;4;1
70052 Wildenspring;Sonstige;8;1;-;-
70053 Wipfratal;Sonstige;12;4;7;2
70056 Ilmtal;Sonstige;21;3;16;2
71001 Apolda, Stadt;Sonstige;18;3;7;1
71003 Bad Berka, Stadt;Sonstige;51;7;11;-
71004 Bad Sulza, Stadt;Sonstige;18;2;6;-
71005 Ballstedt;Sonstige;12;3;6;1
71006 Bechstedtstraß;Sonstige;11;1;6;1
71007 Berlstedt;Sonstige;16;4;11;4
71008 Blankenhain, Stadt;Sonstige;10;4;3;2
71009 Buchfart;Sonstige;14;4;6;1
71011 Buttelstedt, Stadt;Sonstige;14;4;8;3
71012 Daasdorf a. Berge;Sonstige;6;1;5;1
71013 Döbritschen;Sonstige;9;-;6;-
71015 Eberstedt;Sonstige;2;-;1;-
71017 Ettersburg;Sonstige;11;2;7;1
71019 Frankendorf;Sonstige;12;4;6;1
71022 Großheringen;Sonstige;1;-;1;-
71023 Großobringen;Sonstige;9;2;5;1
71025 Großschwabhausen;Sonstige;16;4;8;1
71027 Hammerstedt;Sonstige;12;2;6;1
71028 Heichelheim;Sonstige;13;3;6;1
71031 Hetschburg;Sonstige;9;1;6;1
71032 Hohenfelden;Sonstige;11;3;6;2
71034 Hopfgarten;Sonstige;4;1;1;-
71036 Isseroda;Sonstige;10;3;5;1
71037 Kapellendorf;Sonstige;9;2;6;2
71038 Kiliansroda;Sonstige;10;3;6;2
71039 Kleinobringen;Sonstige;8;2;6;1
71042 Kleinschwabhausen;Sonstige;11;2;6;2
71043 Klettbach;Sonstige;10;2;7;1
71044 Ködderitzsch;Sonstige;4;3;-;-
71046 Kranichfeld, Stadt;Sonstige;31;8;11;3
71047 Krautheim;Sonstige;11;2;8;2
71048 Kromsdorf;Sonstige;96;38;12;6
71049 Lehnstedt;Sonstige;26;6;6;1
71051 Leutenthal;Sonstige;18;6;6;2
71053 Magdala, Stadt;Sonstige;11;1;6;1
71055 Mechelroda;Sonstige;31;7;6;2
71056 Mellingen;Sonstige;6;1;5;1
71057 Mönchenholzhausen;Sonstige;17;1;12;1
71059 Nauendorf;Sonstige;10;2;6;-
71061 Neumark, Stadt;Sonstige;13;3;6;2
71064 Niedertrebra;Sonstige;7;-;6;-
71065 Niederzimmern;Sonstige;8;4;5;2
71067 Nohra (AP);Sonstige;24;3;11;1
71069 Obertrebra;Sonstige;12;4;6;1
71071 Oettern;Sonstige;52;19;6;-
71073 Ottstedt a. Berge;Sonstige;7;-;4;-
71076 Ramsla;Sonstige;13;2;6;1
71077 Rannstedt;Sonstige;34;10;6;3
71079 Rittersdorf;Sonstige;12;4;6;3
71081 Rohrbach (AP);Sonstige;18;3;6;-
71082 Sachsenhausen;Sonstige;17;5;6;2
71083 Schmiedehausen;Sonstige;9;3;6;1
71085 Schwerstedt (AP);Sonstige;12;2;6;1
71087 Tonndorf;Sonstige;17;5;5;-
71088 Troistedt;Sonstige;13;3;4;2
71089 Umpferstedt;Sonstige;7;1;5;1
71092 Vippachedelhausen;Sonstige;12;-;8;-
71093 Vollersroda;Sonstige;27;6;6;-
71095 Wiegendorf;Sonstige;8;5;6;3
71097 Wohlsborn;Sonstige;15;3;6;-
71099 Saaleplatte;Sonstige;17;2;12;1
71101 Ilmtal-Weinstraße;Sonstige;26;6;10;4
72001 Bachfeld;Sonstige;10;1;6;-
72005 Föritz;Sonstige;13;6;6;4
72006 Goldisthal;Sonstige;10;3;6;2
72009 Judenbach;Sonstige;3;-;2;-
72011 Lauscha, Stadt;Sonstige;19;7;8;3
72013 Neuhaus am Rennweg, Stadt;Sonstige;13;3;4;1
72014 Neuhaus-Schierschnitz;Sonstige;13;3;2;-
72015 Schalkau, Stadt;Sonstige;15;1;4;-
72018 Sonneberg, Stadt;Sonstige;6;1;1;-
72019 Steinach, Stadt;Sonstige;12;2;7;1
72023 Frankenblick;Sonstige;19;3;8;2
73001 Allendorf;Sonstige;12;2;6;1
73002 Altenbeuthen;Sonstige;1;-;1;-
73005 Bad Blankenburg, Stadt;Sonstige;17;3;4;1
73006 Bechstedt;Sonstige;16;4;6;2
73013 Cursdorf;Sonstige;28;7;8;3
73014 Deesbach;Sonstige;3;-;3;-
73017 Döschnitz;Sonstige;8;-;6;-
73021 Dröbischau;Sonstige;96;31;6;1
73028 Gräfenthal, Stadt;Sonstige;16;1;11;1
73035 Hohenwarte;Sonstige;13;2;6;1
73036 Kamsdorf;Sonstige;5;1;2;-
73037 Katzhütte;Sonstige;19;9;9;5
73038 Kaulsdorf;Sonstige;8;1;4;1
73046 Lehesten, Stadt;Sonstige;21;5;5;1
73049 Lichte;Sonstige;7;1;5;1
73054 Mellenbach-Glasbach;Sonstige;10;3;3;1
73055 Meura;Sonstige;10;2;5;1
73056 Meuselbach-Schwarzmühle;Sonstige;16;5;10;3
73063 Oberhain;Sonstige;25;3;8;1
73065 Oberweißbach/Thür. Wald, Stadt;Sonstige;50;7;12;2
73066 Piesau;Sonstige;16;7;4;2
73067 Probstzella;Sonstige;15;2;6;1
73068 Reichmannsdorf;Sonstige;5;2;5;2
73074 Rohrbach (SLF);Sonstige;11;3;6;3
73076 Rudolstadt, Stadt;Sonstige;37;7;10;1
73077 Saalfeld/Saale, Stadt;Sonstige;38;8;4;-
73079 Schmiedefeld;Sonstige;5;-;5;-
73082 Schwarzburg;Sonstige;16;2;8;-
73084 Sitzendorf;Sonstige;11;4;7;3
73094 Unterweißbach;Sonstige;18;2;8;-
73101 Wittgendorf;Sonstige;10;2;6;2
73105 Remda-Teichel;Sonstige;19;2;8;-
73106 Leutenberg, Stadt;Sonstige;12;4;5;2
73107 Drognitz;Sonstige;18;3;8;2
73108 Saalfelder Höhe;Sonstige;33;7;16;3
73109 Uhlstädt-Kirchhasel;Sonstige;13;1;7;1
73111 Unterwellenborn;Sonstige;20;6;11;1
74001 Albersdorf;Sonstige;7;3;6;3
74002 Altenberga;Sonstige;18;6;8;2
74003 Bad Klosterlausnitz;Sonstige;14;1;7;1
74004 Bibra (SHK);Sonstige;8;1;6;1
74005 Bobeck;Sonstige;3;-;3;-
74006 Bollberg;Sonstige;9;2;6;2
74007 Bremsnitz;Sonstige;11;2;6;2
74008 Bucha (SHK);Sonstige;16;-;10;-
74009 Bürgel, Stadt;Sonstige;7;3;4;1
74011 Dornburg-Camburg, Stadt;Sonstige;30;5;9;2
74012 Crossen an der Elster;Sonstige;5;1;2;1
74016 Eichenberg (SHK);Sonstige;6;-;3;-
74017 Eineborn;Sonstige;14;8;-;-
74018 Eisenberg, Stadt;Sonstige;8;4;4;2
74019 Frauenprießnitz;Sonstige;24;7;8;1
74021 Freienorla;Sonstige;12;3;6;2
74022 Geisenhain;Sonstige;29;5;6;3
74024 Gneus;Sonstige;3;-;-;-
74025 Gösen;Sonstige;13;4;-;-
74026 Golmsdorf;Sonstige;16;3;8;2
74028 Graitschen b. Bürgel;Sonstige;17;6;6;2
74029 Großbockedra;Sonstige;13;4;6;2
74031 Großeutersdorf;Sonstige;12;4;6;1
74032 Großlöbichau;Sonstige;3;2;3;2
74033 Großpürschütz;Sonstige;11;5;6;3
74034 Gumperda;Sonstige;9;-;6;-
74036 Hainichen;Sonstige;9;4;6;3
74037 Hainspitz;Sonstige;16;5;8;2
74038 Hartmannsdorf (SHK);Sonstige;17;9;6;3
74039 Heideland;Sonstige;6;2;4;2
74041 Hermsdorf, Stadt;Sonstige;20;4;5;-
74042 Hummelshain;Sonstige;11;2;-;-
74043 Jenalöbnitz;Sonstige;7;-;6;-
74044 Kahla, Stadt;Sonstige;30;8;11;-
74045 Karlsdorf;Sonstige;19;6;6;-
74046 Kleinbockedra;Sonstige;15;5;6;-
74047 Kleinebersdorf;Sonstige;10;4;6;4
74048 Kleineutersdorf;Sonstige;12;1;6;-
74049 Laasdorf;Sonstige;15;3;8;2
74051 Lehesten;Sonstige;19;8;8;1
74052 Lindig;Sonstige;7;2;4;1
74053 Lippersdorf-Erdmannsdorf;Sonstige;13;6;6;4
74054 Löberschütz;Sonstige;13;5;6;2
74055 Mertendorf;Sonstige;14;2;6;-
74056 Meusebach;Sonstige;8;3;6;3
74057 Milda;Sonstige;5;1;3;1
74058 Möckern;Sonstige;13;1;6;1
74059 Mörsdorf;Sonstige;10;1;6;1
74061 Nausnitz;Sonstige;9;4;6;3
74063 Neuengönna;Sonstige;20;2;8;-
74064 Oberbodnitz;Sonstige;10;1;6;1
74065 Orlamünde, Stadt;Sonstige;22;8;10;3
74066 Ottendorf;Sonstige;4;1;-;-
74067 Petersberg;Sonstige;8;2;6;2
74068 Poxdorf;Sonstige;13;3;6;2
74069 Quirla;Sonstige;7;1;6;1
74071 Rattelsdorf;Sonstige;5;1;-;-
74072 Rauda;Sonstige;28;10;-;-
74073 Rauschwitz;Sonstige;18;3;6;-
74074 Rausdorf;Sonstige;17;5;6;2
74075 Reichenbach;Sonstige;16;3;8;1
74076 Reinstädt;Sonstige;10;2;8;1
74077 Renthendorf;Sonstige;10;-;6;-
74079 Rothenstein;Sonstige;13;3;12;3
74081 Ruttersdorf-Lotschen;Sonstige;7;1;6;1
74082 Scheiditz;Sonstige;10;2;6;1
74084 Schleifreisen;Sonstige;22;6;6;4
74085 Schlöben;Sonstige;35;3;8;1
74086 Schöngleina;Sonstige;12;5;6;1
74087 Schöps;Sonstige;9;-;6;-
74089 Seitenroda;Sonstige;22;1;6;-
74091 Serba;Sonstige;24;9;8;4
74092 Silbitz;Sonstige;10;2;8;2
74093 St.Gangloff;Sonstige;21;5;12;2
74094 Stadtroda, Stadt;Sonstige;20;5;11;2
74095 Sulza;Sonstige;11;4;6;1
74096 Tautenburg;Sonstige;20;5;6;1
74097 Tautendorf;Sonstige;12;3;6;2
74098 Tautenhain;Sonstige;17;2;12;1
74099 Thierschneck;Sonstige;11;1;6;-
74101 Tissa;Sonstige;11;-;6;-
74102 Trockenborn-Wolfersdorf;Sonstige;6;3;2;-
74103 Tröbnitz;Sonstige;20;3;-;-
74104 Unterbodnitz;Sonstige;12;2;6;-
74105 Waldeck;Sonstige;8;1;6;-
74106 Walpernhain;Sonstige;10;3;6;1
74107 Waltersdorf;Sonstige;23;8;6;1
74108 Weißbach;Sonstige;10;2;6;-
74109 Weißenborn;Sonstige;15;-;9;-
74112 Wichmar;Sonstige;46;19;6;-
74113 Zimmern;Sonstige;8;-;6;-
74114 Zöllnitz;Sonstige;10;3;3;-
74116 Schkölen, Stadt;Sonstige;17;5;7;2
75002 Birkenhügel;Sonstige;10;4;6;2
75004 Blankenstein;Sonstige;12;2;6;1
75006 Bodelwitz;Sonstige;30;6;-;-
75008 Bucha (SOK);Sonstige;11;2;6;1
75009 Burgk;Sonstige;4;2;4;2
75013 Crispendorf;Sonstige;13;2;6;1
75014 Dittersdorf;Sonstige;7;1;3;1
75016 Döbritz;Sonstige;7;-;6;-
75018 Dreba;Sonstige;10;2;6;1
75019 Dreitzsch;Sonstige;7;-;6;-
75023 Eßbach;Sonstige;7;3;6;3
75029 Geroda;Sonstige;10;4;6;3
75031 Gertewitz;Sonstige;9;2;6;1
75033 Görkwitz;Sonstige;5;1;2;-
75034 Göschitz;Sonstige;17;3;6;2
75035 Gössitz;Sonstige;10;2;5;-
75039 Grobengereuth;Sonstige;11;3;6;1
75042 Harra;Sonstige;14;4;8;1
75046 Hirschberg, Stadt;Sonstige;18;2;10;-
75047 Keila;Sonstige;7;2;6;1
75048 Kirschkau;Sonstige;9;2;3;-
75049 Knau;Sonstige;13;2;7;1
75051 Kospoda;Sonstige;12;1;6;1
75054 Langenorla;Sonstige;23;5;11;2
75056 Lausnitz b. Neustadt an der Orla;Sonstige;13;4;6;2
75057 Lemnitz;Sonstige;7;-;3;-
75061 Linda b. Neustadt an der Orla;Sonstige;3;2;-;-
75062 Bad Lobenstein, Stadt;Sonstige;31;3;11;-
75063 Löhma;Sonstige;10;2;6;1
75065 Miesitz;Sonstige;14;1;6;1
75066 Mittelpöllnitz;Sonstige;12;2;6;-
75068 Moßbach;Sonstige;5;2;5;2
75069 Moxa;Sonstige;11;2;6;-
75071 Neundorf (bei Lobenstein);Sonstige;7;1;3;-
75072 Neundorf (bei Schleiz);Sonstige;7;1;6;-
75073 Neustadt an der Orla, Stadt;Sonstige;28;6;7;-
75074 Nimritz;Sonstige;6;1;2;-
75075 Oberoppurg;Sonstige;8;-;6;-
75076 Oettersdorf;Sonstige;9;5;5;3
75077 Oppurg;Sonstige;4;-;3;-
75079 Paska;Sonstige;11;2;6;1
75081 Peuschen;Sonstige;8;-;6;-
75083 Plothen;Sonstige;21;3;6;1
75084 Pörmitz;Sonstige;18;1;6;-
75085 Pößneck, Stadt;Sonstige;48;11;11;1
75086 Pottiga;Sonstige;86;29;6;1
75087 Quaschwitz;Sonstige;10;1;6;-
75088 Ranis, Stadt;Sonstige;20;4;8;2
75093 Rosendorf;Sonstige;12;3;6;-
75097 Schlegel;Sonstige;8;5;6;4
75098 Schleiz, Stadt;Sonstige;32;6;4;1
75099 Schmieritz;Sonstige;10;-;4;-
75101 Schmorda;Sonstige;12;4;6;2
75102 Schöndorf;Sonstige;34;10;6;3
75103 Seisla;Sonstige;17;6;6;1
75105 Solkwitz;Sonstige;9;2;6;1
75106 Stanau;Sonstige;8;4;6;3
75109 Tegau;Sonstige;7;2;5;1
75114 Tömmelsdorf;Sonstige;8;2;6;-
75116 Triptis, Stadt;Sonstige;30;6;9;-
75119 Volkmannsdorf;Sonstige;10;2;6;-
75121 Weira;Sonstige;11;1;6;-
75124 Wernburg;Sonstige;3;-;2;-
75125 Wilhelmsdorf;Sonstige;13;4;6;1
75127 Ziegenrück, Stadt;Sonstige;10;1;8;-
75129 Krölpa;Sonstige;21;2;12;1
75131 Gefell, Stadt;Sonstige;25;3;13;2
75132 Tanna, Stadt;Sonstige;18;4;8;1
75133 Wurzbach, Stadt;Sonstige;20;3;13;1
75134 Remptendorf;Sonstige;13;4;4;1
76003 Bad Köstritz, Stadt;Sonstige;11;3;4;1
76004 Berga/Elster, Stadt;Sonstige;10;3;6;3
76006 Bethenhausen;Sonstige;13;3;6;2
76007 Bocka;Sonstige;8;-;6;-
76008 Brahmenau;Sonstige;35;10;8;2
76009 Braunichswalde;Sonstige;10;1;-;-
76012 Caaschwitz;Sonstige;14;3;8;3
76014 Crimla;Sonstige;6;2;6;2
76017 Endschütz;Sonstige;10;2;6;1
76019 Gauern;Sonstige;12;1;6;-
76022 Greiz, Stadt;Sonstige;33;5;9;2
76023 Großenstein;Sonstige;25;4;12;2
76026 Hartmannsdorf (GRZ);Sonstige;12;4;6;2
76027 Hilbersdorf;Sonstige;11;3;6;2
76028 Hirschfeld;Sonstige;9;2;6;-
76029 Hohenleuben, Stadt;Sonstige;15;6;11;4
76033 Hundhaupten;Sonstige;9;2;6;2
76034 Kauern;Sonstige;36;9;6;1
76036 Korbußen;Sonstige;23;6;6;2
76038 Kühdorf;Sonstige;9;1;6;1
76039 Langenwetzendorf;Sonstige;29;2;10;-
76041 Langenwolschendorf;Sonstige;12;1;3;-
76042 Lederhose;Sonstige;13;3;6;1
76043 Linda b. Weida;Sonstige;17;3;6;1
76044 Lindenkreuz;Sonstige;10;1;6;-
76049 Münchenbernsdorf, Stadt;Sonstige;20;3;8;2
76052 Neumühle/Elster;Sonstige;8;3;6;2
76055 Paitzdorf;Sonstige;8;2;6;2
76058 Pölzig;Sonstige;13;2;9;1
76059 Reichstädt;Sonstige;10;1;6;1
76061 Ronneburg, Stadt;Sonstige;15;2;2;-
76062 Rückersdorf;Sonstige;15;3;8;2
76064 Saara (GRZ);Sonstige;13;4;6;3
76067 Schwaara;Sonstige;19;5;6;1
76068 Schwarzbach;Sonstige;11;3;6;1
76069 Seelingstädt;Sonstige;18;5;8;2
76074 Teichwitz;Sonstige;8;2;6;1
76079 Weida, Stadt;Sonstige;38;11;10;1
76081 Weißendorf;Sonstige;11;2;6;1
76084 Wünschendorf/Elster;Sonstige;42;8;13;2
76086 Zedlitz;Sonstige;14;3;8;2
76087 Zeulenroda-Triebes, Stadt;Sonstige;12;2;4;1
76088 Harth-Pöllnitz;Sonstige;32;5;9;1
76089 Kraftsdorf;Sonstige;56;11;12;1
76092 Auma-Weidatal, Stadt;Sonstige;28;6;9;2
76093 Mohlsdorf-Teichwolframsdorf;Sonstige;38;7;8;1
77001 Altenburg, Stadt;Sonstige;58;17;9;3
77002 Altkirchen;Sonstige;17;1;12;1
77003 Dobitschen;Sonstige;13;2;6;-
77004 Drogen;Sonstige;39;14;6;1
77005 Fockendorf;Sonstige;10;1;7;1
77006 Frohnsdorf;Sonstige;7;3;6;3
77007 Gerstenberg;Sonstige;9;2;7;1
77008 Göhren;Sonstige;10;1;6;-
77009 Göllnitz;Sonstige;9;1;6;1
77011 Göpfersdorf;Sonstige;9;-;6;-
77012 Gößnitz, Stadt;Sonstige;31;7;8;1
77015 Haselbach;Sonstige;2;-;2;-
77016 Heukewalde;Sonstige;12;1;6;1
77017 Heyersdorf;Sonstige;7;2;6;2
77018 Jonaswalde;Sonstige;6;-;5;-
77019 Jückelberg;Sonstige;5;1;5;1
77022 Kriebitzsch;Sonstige;6;2;5;1
77023 Langenleuba-Niederhain;Sonstige;25;3;10;2
77026 Löbichau;Sonstige;13;4;12;3
77027 Lödla;Sonstige;7;2;4;1
77028 Lucka, Stadt;Sonstige;31;6;9;2
77029 Lumpzig;Sonstige;13;3;7;1
77031 Mehna;Sonstige;11;4;4;-
77032 Meuselwitz, Stadt;Sonstige;34;4;10;-
77034 Monstab;Sonstige;6;1;4;1
77036 Nobitz;Sonstige;39;9;6;3
77037 Nöbdenitz;Sonstige;13;3;7;1
77039 Ponitz;Sonstige;12;5;3;-
77041 Posterstein;Sonstige;4;1;4;1
77042 Rositz;Sonstige;13;2;5;1
77043 Schmölln, Stadt;Sonstige;23;9;7;2
77044 Starkenberg;Sonstige;18;1;14;1
77047 Thonhausen;Sonstige;9;-;8;-
77048 Treben;Sonstige;21;7;-;-
77049 Vollmershain;Sonstige;6;3;6;3
77051 Wildenbörten;Sonstige;9;2;6;1
77052 Windischleuba;Sonstige;7;2;5;1
77055 Ziegelheim;Sonstige;10;1;8;1
Thüringen;Insgesamt;21023;5018;8498;1710
